frecuencia_hz,partida_g1_db,partida_g1_fase_grados,partida_g3_db,partida_g3_fase_grados,partida_g5_db,partida_g5_fase_grados,partida_g8_db,partida_g8_fase_grados,partida_g11_db,partida_g11_fase_grados,simple_g1_db,simple_g1_fase_grados,simple_g3_db,simple_g3_fase_grados,simple_g5_db,simple_g5_fase_grados,simple_g8_db,simple_g8_fase_grados,simple_g11_db,simple_g11_fase_grados
1,-9.38035346,108.184741,0.161987232,108.184708,4.59888651,108.184674,8.68117259,108.184625,11.447113,108.184575,-6.5639762,87.074921,-5.81615779,102.316039,-4.67380081,114.524596,-2.76321,127.421585,-0.959434464,135.789899
1.04712855,-8.86484459,105.68282,0.677496111,105.682785,5.11439539,105.68275,9.19668147,105.682698,11.9626219,105.682646,-6.20847236,84.5172407,-5.40295934,100.352054,-4.18628497,112.837447,-2.18669351,125.777425,-0.327744822,134.034168
1.0964782,-8.3661283,103.150407,1.1762124,103.150371,5.61311168,103.150335,9.69539776,103.15028,12.4613381,103.150225,-5.86952428,81.980115,-5.00188387,98.4213,-3.7076458,111.169552,-1.61863137,124.126282,0.293949399,132.257632
1.14815362,-7.88457617,100.592059,1.65776453,100.592021,6.09466381,100.591983,10.1769499,100.591926,12.9428903,100.591868,-5.5469034,79.4676574,-4.61245893,96.5268069,-3.23753011,109.521967,-1.0590289,122.469029,0.905493078,130.462275
1.20226443,-7.42050109,98.0125719,2.12183961,98.0125319,6.55873888,98.012492,10.641025,98.012432,13.4069654,98.0123721,-5.24033186,76.9838492,-4.23416509,94.6712928,-2.77557296,107.895465,-0.507880734,120.806521,1.50676445,128.650132
1.25892541,-6.97415273,95.4169429,2.56818796,95.416901,7.00508724,95.4168592,11.0873733,95.4167964,13.8533137,95.4167336,-4.94948488,74.5325111,-3.86644125,92.8571245,-2.32140316,106.290531,0.034829347,119.139586,2.09767567,126.823256
1.31825674,-6.54571381,92.8103248,2.99662689,92.8102809,7.43352617,92.8102371,11.5158122,92.8101714,14.2817526,92.8101056,-4.67399354,72.1172756,-3.50869058,91.0862848,-1.87464879,104.707362,0.569128361,117.469018,2.67817265,124.983688
1.38038426,-6.13529731,90.1979773,3.40704339,90.1979314,7.84394266,90.1978855,11.9262287,90.1978167,14.6921691,90.1977478,-4.41344798,69.7415629,-3.16028727,89.3603432,-1.43494257,103.145871,1.09505387,115.795563,3.24823424,123.133428
1.44543977,-5.74294481,87.5852164,3.79939589,87.5851683,8.23629516,87.5851202,12.3185812,87.5850482,15.0845216,87.5849761,-4.16740103,67.4085582,-2.82058394,87.6804329,-1.00192709,101.605694,1.61265345,114.119915,3.80787065,121.27441
1.51356125,-5.36862578,84.9773618,4.17371491,84.9773115,8.61061419,84.9772612,12.6929003,84.9771857,15.4588407,84.9771102,-3.93537218,65.1211928,-2.48891952,86.047233,-0.575259679,100.08621,2.12198388,112.442703,4.3571213,119.408468
1.58489319,-5.0122381,82.3796854,4.5301026,82.3796327,8.96700188,82.37958,13.049288,82.379501,15.8152283,82.3794219,-3.71685171,62.8821284,-2.16462761,84.4609587,-0.154616898,98.5865487,2.62311,110.764482,4.89605199,117.53732
1.65958691,-4.67360957,79.7973593,4.86873113,79.7973041,9.3056304,79.7972489,13.3879165,79.7971662,16.1538569,79.7970834,-3.51130515,60.6937445,-1.84704506,82.9213581,0.260301396,97.1056205,3.11610323,109.085722,5.42475168,115.662544
1.73780083,-4.35250059,77.2354075,5.18984011,77.2353497,9.62673939,77.2352919,13.7090255,77.2352053,16.4749659,77.2351186,-3.31817775,58.5581295,-1.53552067,81.4277164,0.669768538,95.6421332,3.60103986,107.406806,5.94332879,113.785562
1.81970086,-4.04860767,74.6986602,5.49373302,74.6985997,9.9306323,74.6985392,14.0129184,74.6984485,16.7788588,74.6983577,-3.13689907,56.4770751,-1.22942373,79.978869,1.07402806,94.1946208,4.07799903,105.728019,6.45190721,111.907627
1.90546072,-3.76156793,72.1917125,5.78077276,72.1916492,10.217672,72.1915858,14.2999581,72.1914908,17.0658985,72.1913958,-2.96688746,54.4520746,-0.928152393,78.5732209,1.47329128,92.7614692,4.54706049,104.049546,6.9506221,110.029816
1.99526231,-3.4909642,69.7188881,6.05137649,69.7188217,10.4882758,69.7187554,14.5705619,69.7186559,17.3365022,69.7185564,-2.8075545,52.4843239,-0.6311415,77.2087752,1.86773541,91.3409451,5.00830226,102.371472,7.43961569,108.153025
2.08929613,-3.23633081,67.2842084,6.30600988,67.284139,10.7429092,67.2840695,14.8251952,67.2839653,17.5911356,67.2838611,-2.65830925,50.5747263,-0.337869823,75.8831667,2.25750231,89.9312236,5.46179819,100.693782,7.91903295,106.277972
2.18776162,-2.99715975,64.8913686,6.54518094,64.8912959,10.9820802,64.8912231,15.0643663,64.891114,17.8303067,64.8910049,-2.51856231,48.7238994,-0.0478665061,74.5937034,2.64269761,88.5304173,5.9076155,99.0163644,8.38901753,104.405198
2.29086765,-2.77290711,62.5437181,6.76943359,62.543642,11.2063329,62.5435658,15.2886189,62.5434516,18.0545593,62.5433373,-2.38772951,46.9321845,0.239283416,73.3374123,3.02339048,87.1366041,6.34581236,97.3390194,8.84970781,102.535078
2.39883292,-2.56299962,60.2442492,6.97934108,60.2441694,11.4162404,60.2440897,15.4985264,60.24397,18.2644668,60.2438504,-2.26523548,45.1996586,0.523934528,72.1110895,3.39961373,85.7478546,6.77643566,95.6614668,9.30123327,100.667834
2.51188643,-2.3668412,57.9955898,7.1754995,57.9955063,11.6123988,57.9954228,15.6946849,57.9952975,18.4606252,57.9951723,-2.15051676,43.5261478,0.806377661,70.9113545,3.77136438,84.362258,7.19951889,93.9833582,9.74371119,98.8035483
2.63026799,-2.1838193,55.8000034,7.3585214,55.7999159,11.7954207,55.7998285,15.8777068,55.7996973,18.6436471,55.7995662,-2.04302468,41.9112414,1.08683766,69.7347048,4.13860457,82.9779481,7.61508035,92.3042904,10.1772438,96.9421814
2.7542287,-2.01331096,53.6593929,7.52902973,53.6593013,11.965929,53.6592097,16.0482151,53.6590724,18.8141555,53.658935,-1.94222788,40.3543085,1.36547235,68.5775729,4.5012628,81.5931266,8.02312155,90.6238216,10.6019158,95.0835946
2.8840315,-1.85468856,51.5753098,7.68765214,51.5752139,12.1245514,51.575118,16.2068375,51.5749742,18.9727779,51.5748304,-1.84761449,38.8545138,1.64237261,67.4363824,4.85923546,80.206086,8.42362603,88.9414886,11.0177926,93.2275709
3.01995172,-1.70732498,49.548967,7.83501572,49.5488666,12.271915,49.5487662,16.3542011,49.5486156,19.1201415,49.548465,-1.75869416,37.410835,1.91756358,66.3076021,5.21238868,78.8152314,8.81655855,87.2568256,11.4249185,91.3738392
3.16227766,-1.57059842,47.5812551,7.97174227,47.58115,12.4086415,47.5810448,16.4909276,47.5808871,19.256868,47.5807294,-1.67499958,36.0220797,2.19100692,65.1877987,5.56056033,77.4190999,9.20186465,85.5693843,11.8233162,89.5220988
3.31131121,-1.44389659,45.6727608,8.0984441,45.6726507,12.5353434,45.6725406,16.6176295,45.6723755,19.3835699,45.6722103,-1.59608799,34.6869033,2.46260402,64.0736854,5.90356235,76.0163798,9.57947061,83.8787541,12.2129863,87.6720445
3.4673685,-1.32662033,43.8237879,8.21572037,43.8236727,12.6526196,43.8235574,16.7349057,43.8233845,19.5008461,43.8232115,-1.52154226,33.4038261,2.73219997,62.9621674,6.2411833,74.6059278,9.94928397,82.1845828,12.5939073,85.8233926
3.63078055,-1.21818671,42.0343794,8.32415398,42.0342586,12.7610533,42.0341379,16.8433393,42.0339569,19.6092797,42.0337758,-1.45097187,32.1712513,2.99958846,61.8503823,6.5731911,73.1867848,10.3111944,80.4865975,12.9660366,83.9759049
3.80189396,-1.11803165,40.3043398,8.42430905,40.3042134,12.8612083,40.304087,16.9434944,40.3038974,19.7094348,40.3037078,-1.38401359,30.9874818,3.2645171,60.7357357,6.899336,71.7581905,10.665075,78.784624,13.3293116,82.1294135
3.98107171,-1.02561187,38.633259,8.51672883,38.6331266,12.9536281,38.6329943,17.0359142,38.6327957,19.8018546,38.6325972,-1.32033207,29.8507384,3.52669341,59.6159313,7.21935385,70.3195959,11.0107841,77.0786065,13.6836513,80.2838432
4.16869383,-0.94040653,37.0205344,8.60193417,37.0203958,13.0388334,37.0202572,17.1211195,37.0200494,19.8870599,37.0198415,-1.25962009,28.7591767,3.78579114,58.4889964,7.5329695,68.870674,11.3481678,75.3686245,14.028959,78.4392326
4.36515832,-0.861918333,35.4653941,8.68042236,35.465249,13.1173216,35.4651039,17.1996077,35.4648862,19.9655481,35.4646685,-1.20159875,27.7109047,4.04145694,57.3533004,7.83990046,67.4113286,11.6770621,73.654909,14.3651243,76.5957531
4.5708819,-0.789674244,33.9669178,8.75266645,33.9667659,13.1895657,33.9666139,17.2718518,33.966386,20.0377922,33.966158,-1.14601733,26.7040003,4.29331713,56.2075689,8.13986074,65.9417006,11.9972964,71.9378556,14.6920271,74.7537248
4.78630092,-0.723225888,32.524058,8.81911481,32.5238988,13.2560141,32.5237397,17.3383002,32.523501,20.1042406,32.5232623,-1.09265301,25.7365281,4.54098467,55.0508914,8.43256486,64.4621713,12.3086966,70.2180349,15.0095402,72.9136301
5.01187234,-0.662149614,31.1356588,8.88019108,31.1354921,13.3170904,31.1353255,17.3993764,31.1350756,20.1653168,31.1348256,-1.04131031,24.8065565,4.78406603,53.8827232,8.71773203,62.9733633,12.6110892,68.4962003,15.3175338,71.0761231
5.2480746,-0.606046317,29.8004744,8.93629438,29.8002999,13.3731937,29.8001254,17.4554797,29.7998637,20.2214201,29.799602,-0.991820298,23.9121743,5.02216802,52.7028826,8.99509029,61.4761381,12.9043043,66.7732917,15.615879,69.2420359
5.49540874,-0.55454103,28.5171856,8.98779967,28.5170028,13.4246989,28.5168201,17.506985,28.5165461,20.2729254,28.516272,-0.944039556,23.0515068,5.25490441,51.5115417,9.26438082,59.9715898,13.1881806,65.0504359,15.9044523,67.4123804
5.75439937,-0.507282343,27.2844149,9.03505835,27.2842236,13.4719576,27.2840323,17.5542437,27.2837453,20.3201841,27.2834584,-0.897848855,22.2227304,5.48190219,50.3092131,9.52536202,58.4610355,13.4625688,63.3289425,16.1831394,65.5883462
6.02559586,-0.463941677,26.1007408,9.07839902,26.1005405,13.5152983,26.1003401,17.5975844,26.1000396,20.3635248,26.0997391,-0.853151599,21.4240872,5.70280752,49.0967304,9.77781363,56.9460026,13.7273357,61.6102961,16.4518397,63.7712939
6.30957344,-0.424212445,24.9647095,9.11812825,24.9644997,13.5550275,24.9642899,17.6373136,24.9639753,20.403254,24.9636606,-0.80987202,20.6538976,5.91729119,47.8752257,10.0215404,55.4282113,13.9823682,59.8961445,16.7104702,61.9627448
6.60693448,-0.387809134,23.8748467,9.15453156,23.874627,13.5914308,23.8744073,17.6737169,23.8740778,20.4396573,23.8737484,-0.767953158,19.910571,6.12505346,46.6461017,10.2563757,53.909555,14.2275766,58.1882827,16.9589688,60.164366
6.91830971,-0.354466328,22.829667,9.18787437,22.829437,13.6247736,22.829207,17.7070597,22.8288619,20.4730001,22.8285169,-0.727354655,19.1926152,6.32582833,45.411001,10.4821845,52.3920762,14.4628978,56.4886339,17.1972981,58.3779516
7.2443596,-0.323937691,21.8276829,9.21840301,21.827442,13.6553023,21.8272012,17.7375884,21.8268399,20.5035288,21.8264786,-0.688050415,18.4986432,6.51938705,44.1717723,10.6988657,50.8779411,14.6882983,54.7992263,17.4254481,56.6054017
7.58577575,-0.295994942,20.867412,9.24634576,20.8671597,13.683245,20.8669075,17.7655311,20.8665292,20.5314715,20.8661509,-0.650026179,17.8273781,6.70554087,42.9304343,10.9063546,49.3694105,14.9037759,53.1221689,17.6434385,54.8486971
7.94328235,-0.270426815,19.9473837,9.27191388,19.9471196,13.7088132,19.9468555,17.7910992,19.9464593,20.5570396,19.9460632,-0.613277078,17.1776553,6.88414301,41.6891382,11.1046238,47.8688102,15.1093615,51.4596234,17.85132,53.1098734
8.31763771,-0.247038042,19.0661447,9.29530265,19.0658682,13.7322019,19.0655916,17.814488,19.0651768,20.5804284,19.0647621,-0.577805226,16.5484222,7.05508979,40.4501298,11.293684,46.3785,15.30512,49.8137766,18.049176,51.3909928
8.7096359,-0.225648344,18.2222639,9.31669235,18.2219744,13.7535916,18.2216848,17.8358777,18.2212504,20.6018181,18.2208161,-0.543617406,15.9387366,7.21832098,39.2157115,11.4735842,44.9008429,15.4911506,48.1868114,18.2371224,49.6941157
9.12010839,-0.206091457,17.4143361,9.33624924,17.4140329,13.7731485,17.4137296,17.8554346,17.4132748,20.621375,17.41282,-0.510722921,15.3477614,7.3738193,37.9882052,11.6444107,43.4381742,15.6675861,46.5808785,18.4153076,48.0212729
9.54992586,-0.188214191,16.6409852,9.35412651,16.6406676,13.7910258,16.6403501,17.8733119,16.6398739,20.6392523,16.6393976,-0.479131648,14.774759,7.52160921,36.7699177,11.8062862,41.9927729,15.8345921,44.9980685,18.5839113,46.3744382
10,-0.171875525,15.900867,9.37046517,15.9005346,13.8073644,15.9002021,17.8896505,15.8997034,20.6555909,15.8992047,-0.448852336,14.2190834,7.66175509,35.5631074,11.9593676,40.5668344,15.9923649,43.440387,18.743143,44.755503
10.4712855,-0.156945746,15.1926716,9.38539495,15.1923234,13.8222942,15.1919753,17.9045803,15.1914531,20.6705207,15.1909309,-0.419891185,13.680171,7.7943587,34.3699555,12.1038436,39.1624463,16.14113,41.9097312,18.89324,43.1662537
10.964782,-0.143305632,14.5151241,9.39903507,14.5147596,13.8359343,14.514395,17.9182204,14.5138482,20.6841608,14.5133014,-0.392250705,13.1575316,7.91955628,33.1925393,12.2399319,37.7815667,16.2811388,40.4078694,19.0344647,41.6083507
11.4815362,-0.130845671,13.8669868,9.41149503,13.8666051,13.8483943,13.8662233,17.9306804,13.8656508,20.6966208,13.8650782,-0.365928872,12.6507375,8.03751518,32.0328103,12.3678761,36.4260061,16.4126658,38.9364241,19.1671015,40.0833121
12.0226443,-0.119465341,13.2470593,9.42287536,13.2466596,13.8597746,13.2462598,17.9420607,13.2456603,20.7080011,13.2450607,-0.340918566,12.159414,8.14843024,30.8925761,12.4879423,35.0974135,16.5360056,37.4968582,19.2914542,38.5924999
12.5892541,-0.109072418,12.6541792,9.43326828,12.6537606,13.8701676,12.6533421,17.9524536,12.6527142,20.718394,12.6520864,-0.317207267,11.6832293,8.25252,29.7734861,12.6004151,33.7972654,16.651469,36.0904652,19.4078421,37.1371098
13.1825674,-0.0995823366,12.0872225,9.44275836,12.0867842,13.8796576,12.0863459,17.9619437,12.0856885,20.7278841,12.0850311,-0.294776994,11.2218853,8.35002287,28.6770217,12.7055945,32.5268586,16.75938,34.7183623,19.5165969,35.7181648
13.8038426,-0.0909175902,11.5451032,9.45142311,11.5446442,13.8883224,11.5441853,17.9706085,11.5434969,20.7365489,11.5428085,-0.273604442,10.7751087,8.44119328,27.6044899,12.803792,31.2873068,16.8600724,33.3814878,19.6180592,34.3365121
14.4543977,-0.0830071731,11.0267734,9.45933352,11.0262928,13.8962328,11.0258123,17.9785189,11.0250914,20.7444593,11.0243706,-0.253661287,10.3426438,8.52629797,26.5570206,12.8953273,30.0795402,16.9538859,32.0806003,19.7125753,32.9928227
15.1356125,-0.07578606,10.5312229,9.46655464,10.5307196,13.9034539,10.5302164,17.98574,10.5294616,20.7516804,10.5287068,-0.234914624,9.92424563,8.60561245,25.5355674,12.9805248,28.904308,17.0411636,30.8162822,19.800494,31.6875946
15.8489319,-0.069194724,10.0574782,9.47314597,10.0569513,13.9100453,10.0564243,17.9923313,10.055634,20.7582717,10.0548436,-0.217327497,9.51967414,8.67941771,24.5409105,13.0597106,27.7621835,17.1222486,29.5889445,19.8821639,30.4211574
16.5958691,-0.0631786899,9.6046026,9.47916201,9.60405082,13.9160613,9.60349905,17.9983474,9.60267141,20.7642877,9.6018438,-0.200859492,9.12868992,8.74799718,23.5736626,13.13321,26.6535712,17.1974817,28.3988343,19.9579306,29.1936804
17.3780083,-0.05768812,9.17169472,9.48465258,9.17111694,13.9215519,9.17053916,18.0038379,9.16967252,20.7697783,9.1688059,-0.18546736,8.75105044,8.81163406,22.6342767,13.2013444,25.5787159,17.2671988,27.2460441,20.0281345,28.0051808
18.1970086,-0.0526774319,8.75788813,9.48966327,8.75728312,13.9265625,8.75667812,18.0088486,8.75577063,20.774789,8.75486317,-0.171105649,8.38650742,8.87060883,21.723055,13.2644299,24.5377127,17.3317288,26.1305213,20.0931087,26.855534
19.0546072,-0.0481049458,8.36235031,9.49423575,8.36171678,13.931135,8.36108327,18.0134211,8.36013301,20.7793615,8.35918278,-0.157727318,8.03480498,8.92519727,20.8401591,13.3227747,23.5305186,17.391392,25.0520803,20.1531771,25.7444853
19.9526231,-0.043932559,7.98428171,9.49840814,7.98361832,13.9353074,7.98295495,18.0175935,7.98195991,20.7835339,7.9809649,-0.145284318,7.69567858,8.97566865,19.9856215,13.3766782,22.5569638,17.4464987,24.0104139,20.2086534,24.671661
20.8929613,-0.040125446,7.62291481,9.50221525,7.62222016,13.9391145,7.62152553,18.0214006,7.62048359,20.787341,7.61944169,-0.133728133,7.3688545,9.02228428,19.1593565,13.426429,21.6167641,17.4973475,23.0051053,20.2598394,23.6365807
21.8776162,-0.0366517831,7.27751313,9.50568892,7.27678574,13.9425882,7.27605837,18.0248743,7.27496733,20.7908147,7.27387632,-0.123010268,7.05404989,9.06529638,18.3611724,13.4723047,20.7095334,17.5442252,22.0356403,20.3070247,22.6386692
22.9086765,-0.0334824943,6.9473702,9.5088582,6.94660853,13.9457575,6.94584688,18.0280436,6.94470442,20.7939839,6.94356199,-0.113082676,6.75097324,9.10494715,17.5907824,13.5145708,19.8347948,17.5874055,21.1014193,20.3504856,21.6772684
23.9883292,-0.0305910187,6.63180858,9.51174968,6.63101102,13.948649,6.63021347,18.030935,6.62901717,20.7968754,6.6278209,-0.103898131,6.45932514,9.14146812,16.8478165,13.5534798,18.9919929,17.6271488,20.2017685,20.3904848,20.7516484
25.1188643,-0.0279530962,6.33017884,9.5143876,6.32934369,13.9512869,6.32850855,18.033573,6.32725587,20.7995133,6.32600322,-0.0954105448,6.17879928,9.17507974,16.1318318,13.5892719,18.1805047,17.663702,19.3359511,20.4272715,19.8610186
26.3026799,-0.0255465713,6.04185853,9.51679413,6.04098402,13.9536934,6.04010952,18.0359795,6.0387978,20.8019199,6.03748612,-0.0875752162,5.90908361,9.20599106,15.4423231,13.6221739,17.3996498,17.6972984,18.5031774,20.4610809,19.0045382
27.542287,-0.023351213,5.76625122,9.51898949,5.76533549,13.9558888,5.76441978,18.0381748,5.76304625,20.8041152,5.76167275,-0.0803490412,5.64986157,9.23439971,14.7787324,13.6523998,16.6487005,17.7281578,17.7026148,20.4921346,18.1813251
28.840315,-0.0213485497,5.50278551,9.52099215,5.50182662,13.9578914,5.50086776,18.0401775,5.49942949,20.8061179,5.49799126,-0.073690666,5.40081341,9.26049191,14.1404576,13.6801508,15.9268904,17.7564868,16.9333962,20.5206407,17.3904653
30.1995172,-0.0195217179,5.25091404,9.52281898,5.24990997,13.9597183,5.24890591,18.0420043,5.24739986,20.8079447,5.24589385,-0.0675605998,5.16161743,9.28444263,13.5268611,13.7056156,15.2334231,17.7824788,16.1946286,20.5467944,16.6310205
31.6227766,-0.017855324,5.0101126,9.52448538,5.0090612,13.9613847,5.00800983,18.0436707,5.0064328,20.8096111,5.00485581,-0.0619212877,4.93195126,9.30641584,12.9372772,13.7289706,14.5674794,17.8063149,15.4854001,20.5707778,15.9020357
33.1131121,-0.0163353168,4.77987913,9.52600538,4.77877819,13.9629047,4.77767726,18.0451907,4.77602591,20.8111311,4.7743746,-0.0567371511,4.71149302,9.32656486,12.3710187,13.7503806,13.9282239,17.8281637,14.8047866,20.5927611,15.2025456
34.673685,-0.0149488721,4.55973291,9.52739183,4.55858008,13.9642911,4.55742727,18.0465772,4.55569809,20.8125176,4.55396895,-0.051974599,4.49992244,9.34503271,11.8273828,13.7699993,13.3148115,17.8481826,14.1518578,20.6129026,14.5315802
36.3078055,-0.0136842862,4.3492136,9.52865641,4.34800643,13.9655557,4.34679929,18.0478418,4.34498862,20.8137821,4.34317799,-0.0476020154,4.29692183,9.36195257,11.3056572,13.7879692,12.7263921,17.8665177,13.5256821,20.6313496,13.8881703
38.0189396,-0.0125308787,4.14788044,9.52980982,4.14661639,13.9667091,4.14535235,18.0489952,4.14345635,20.8149355,4.14156039,-0.0435897274,4.10217702,9.37744821,10.8051238,13.8044231,12.1621158,17.8833046,12.9253314,20.6482385,13.2713515
39.8107171,-0.011478904,3.95531142,9.5308618,3.9539878,13.9677611,3.95266419,18.0500471,3.95067883,20.8159875,3.94869352,-0.0399099571,3.91537816,9.39163449,10.325064,13.8194836,11.6211365,17.898669,12.3498849,20.6636959,12.6801686
41.6869383,-0.0105194696,3.77110247,9.53182123,3.76971646,13.9687205,3.76833048,18.0510066,3.76625155,20.8169469,3.76417267,-0.036536761,3.7362204,9.4046178,9.86476133,13.8332646,11.1026158,17.9127271,11.7984326,20.6778388,12.1136783
43.6515832,-0.00964446256,3.59486667,9.53269624,3.59341534,13.9695955,3.59196404,18.0518816,3.58978713,20.8178219,3.58761028,-0.0334459607,3.56440451,9.4164966,9.42350512,13.8458712,10.6057255,17.9255864,11.2700778,20.6907756,11.5709525
45.708819,-0.00884648109,3.42623354,9.53349422,3.42471381,13.9703935,3.42319411,18.0526796,3.42091461,20.8186199,3.41863517,-0.0306150656,3.39963735,9.42736185,9.00059298,13.8574004,10.1296507,17.9373462,10.7639399,20.7026059,11.0510801
47.8630092,-0.00811877298,3.26484829,9.53422193,3.26325694,13.9711212,3.26166562,18.0534073,3.25927869,20.8193476,3.25689182,-0.0280231929,3.24163233,9.43729753,8.59533305,13.8679418,9.67359138,17.9480979,10.2791561,20.713422,10.5531696
50.1187234,-0.00745517886,3.11037113,9.53488552,3.10870478,13.9717848,3.10703846,18.0540709,3.10453903,20.8200112,3.10203968,-0.0256509827,3.0901097,9.44638104,8.20704581,13.8775779,9.23676433,17.9579258,9.81488328,20.7233086,10.0763501
52.480746,-0.00685008059,2.96247659,9.53549062,2.96073171,13.9723899,2.95898686,18.054676,2.95636964,20.8206163,2.95375249,-0.0234805141,2.94479683,9.4546837,7.83506566,13.8863846,8.81840453,17.9669075,9.37029883,20.7323439,9.61977252
54.9540874,-0.00629835405,2.82085289,9.53604235,2.81902577,13.9729416,2.81719869,18.0552277,2.81445813,20.821168,2.81171763,-0.0214952198,2.80542834,9.46227115,7.47874206,13.8944319,8.41776617,17.9751144,8.94460201,20.7405996,9.18261084
57.5439937,-0.00579532608,2.6852013,9.53654538,2.68328808,13.9734447,2.68137489,18.0557307,2.67850516,20.8216711,2.67563551,-0.0196798026,2.67174629,9.46920375,7.13744057,13.901784,8.03412349,17.982612,8.53701449,20.7481418,8.76406252
60.2559586,-0.00533673516,2.55523554,9.53700397,2.55323215,13.9739032,2.5512288,18.0561893,2.54822383,20.8221296,2.54521894,-0.0180201542,2.54350018,9.47553694,6.81054351,13.9084999,7.66677135,17.9894606,8.14678082,20.755031,8.36334898
63.0957344,-0.00491869556,2.43068121,9.53742201,2.4285834,13.9743213,2.42648563,18.0566073,2.42333904,20.8225477,2.42019254,-0.0165032755,2.42044699,9.48132167,6.4974505,13.9146336,7.31502562,17.9957155,7.77316879,20.7613229,7.97971585
66.0693448,-0.00453766454,2.31127522,9.53780304,2.30907854,13.9747023,2.30688191,18.0569884,2.30358702,20.8229287,2.30029223,-0.0151172009,2.30235113,9.48660468,6.19757884,13.920235,6.97822336,18.0014273,7.41546944,20.7670685,7.612433
69.1830971,-0.00419041253,2.19676524,9.5381503,2.19446504,13.9750496,2.19216488,18.0573356,2.18871472,20.8232759,2.18526464,-0.0138509259,2.1889844,9.49142884,5.91036362,13.9253496,6.6557229,18.0066426,7.07299713,20.7723146,7.26079452
72.443596,-0.00387399587,2.08690924,9.53846671,2.08450064,13.975366,2.08209207,18.057652,2.0784793,20.8235924,2.07486663,-0.0126943372,2.08012582,9.49583347,5.63525786,13.9300191,6.34690377,18.011404,6.74508929,20.7771041,6.92411845
75.8577575,-0.00358573195,1.98147492,9.53875498,1.9789528,13.9756543,1.97643073,18.0579403,1.97264769,20.8238806,1.96886476,-0.0116381481,1.97556159,9.49985456,5.37173241,13.9342819,6.05116647,18.0157505,6.4311062,20.7814762,6.60174655
79.4328235,-0.00332317659,1.88023928,9.53901754,1.8775983,13.9759168,1.87495736,18.0582028,1.87099604,20.8241432,1.86703482,-0.0106738361,1.87508485,9.50352512,5.11927582,13.9381728,5.76793227,18.0197178,6.13043062,20.785467,6.29304381
83.1763771,-0.00308410332,1.78298814,9.53925661,1.78022269,13.9761559,1.77745729,18.0584419,1.77330928,20.8243822,1.76916138,-0.00979358553,1.77849554,9.50687535,4.87739411,13.941724,5.49664278,18.0233388,5.84246739,20.7891092,5.99739808
87.096359,-0.00286648467,1.6895157,9.53947423,1.68661992,13.9763735,1.68372419,18.0586595,1.67938069,20.8245998,1.6750373,-0.00899023281,1.68560023,9.50993289,4.64561045,13.9449649,5.2367596,18.0266432,5.56664288,20.7924331,5.71421948
91.2010839,-0.0026684749,1.59962412,9.53967224,1.59659186,13.9765715,1.59355966,18.0588575,1.58901146,20.8247978,1.58446337,-0.00825721595,1.59621184,9.51272303,4.42346486,13.9479223,4.9877638,18.0296585,5.30240451,20.7954662,5.44293984
95.4992586,-0.00248839449,1.51312308,9.53985232,1.50994792,13.9767516,1.50677282,18.0590376,1.50201026,20.8249779,1.49724783,-0.00758852724,1.5101495,9.51526891,4.21051375,13.9506207,4.74915544,18.0324098,5.04922013,20.7982336,5.18301212
100,-0.00232471588,1.42982944,9.54001601,1.42650464,13.9769153,1.42317989,18.0592013,1.41819288,20.8251416,1.41320601,-0.00697866931,1.42723829,9.51759168,4.00632954,13.9530826,4.52045303,18.0349199,4.80657743,20.8007584,4.93390972
104.712855,-0.00217605056,1.34956678,9.54016467,1.34608529,13.9770639,1.34260385,18.05935,1.33738181,20.8252902,1.33215991,-0.00642261439,1.347309,9.51971067,3.81050016,13.9553285,4.30119295,18.0372098,4.57398332,20.8030617,4.69512587
109.64782,-0.00204113728,1.27216512,9.54029959,1.26851954,13.9771989,1.26487403,18.0594849,1.25940589,20.8254251,1.25393788,-0.00591576656,1.27019789,9.52164354,3.62262858,13.9573771,4.09092885,18.0392985,4.35096326,20.8051627,4.46617292
114.815362,-0.00191883144,1.19746047,9.5404219,1.19364309,13.9773212,1.18982577,18.0596072,1.18409992,20.8255474,1.17837421,-0.00545392688,1.19574648,9.52340645,3.44233231,13.9592455,3.88923109,18.0412035,4.13706061,20.8070789,4.24658166
120.226443,-0.00180809531,1.12529457,9.54053264,1.12129728,13.9774319,1.11730005,18.0597179,1.11130435,20.8256581,1.1053088,-0.00503326117,1.12380128,9.52501413,3.26924289,13.9609495,3.6956861,18.0429408,3.931836,20.8088264,4.03590065
125.892541,-0.00170798931,1.0555145,9.54063275,1.05132883,13.977532,1.04714322,18.059818,1.04086495,20.8257582,1.03458684,-0.00465027035,1.05421354,9.52648005,3.10300534,13.9625032,3.50989578,18.0445249,3.73486658,20.8104198,3.83369551
131.825674,-0.00161766402,0.987972401,9.54072307,0.983589458,13.9776223,0.97920659,18.0599083,0.972632431,20.8258485,0.966058444,-0.00430176314,0.986839033,9.52781649,2.94327766,13.9639197,3.33147689,18.0459692,3.54574547,20.8118726,3.63954823
138.038426,-0.00153635299,0.92252512,9.54080439,0.917935616,13.9777037,0.913346189,18.0599896,0.906462199,20.8259298,0.89957839,-0.00398483095,0.921537789,9.52903468,2.78973032,13.9652109,3.16006043,18.0472857,3.364081,20.8131968,3.4530565
144.543977,-0.0014633662,0.859033948,9.54087738,0.854228146,13.9777766,0.849422426,18.0600626,0.842214004,20.8260027,0.83500577,-0.00369682491,0.858173861,9.53014484,2.6420457,13.9663877,2.99529105,18.0484856,3.18949612,20.8144037,3.27383304
151.356125,-0.0013980843,0.797364305,9.54094267,0.792332013,13.9778419,0.787299806,18.0601279,0.77975166,20.826068,0.772203712,-0.00343533473,0.796615086,9.53115633,2.49991756,13.9674599,2.83682644,18.0495788,3.02162773,20.8155034,3.10150492
158.489319,-0.00133995329,0.737385466,9.5410008,0.732116009,13.9779001,0.726846641,18.060186,0.718942762,20.8261261,0.71103909,-0.00319816942,0.736732842,9.53207763,2.36305058,13.9684366,2.68433673,18.0505747,2.86012605,20.8165051,2.9357129
165.958691,-0.00128847983,0.678970283,9.54105228,0.673452483,13.9779515,0.667934777,18.0602375,0.659658399,20.8261775,0.651382238,-0.00298333966,0.678401813,9.53291653,2.23115979,13.9693261,2.53750395,18.0514817,2.70465399,20.8174174,2.77611081
173.780083,-0.00124322708,0.621994914,9.54109754,0.616217068,13.9779968,0.61043932,18.0602827,0.601772888,20.8262227,0.593106682,-0.00278904171,0.621499761,9.53368008,2.10397009,13.9701357,2.39602139,18.0523072,2.55488658,20.8182478,2.62236489
181.970086,-0.00120381099,0.566338565,9.54113697,0.560288418,13.9780362,0.554238372,18.0603221,0.545163503,20.8262621,0.536088871,-0.00261364278,0.565907283,9.53437472,1.98121576,13.9708724,2.25959311,18.0530585,2.41051028,20.8190035,2.4741532
190.546072,-0.00116989704,0.511883236,9.54117089,0.505547953,13.9780701,0.499212777,18.060356,0.489710221,20.8262959,0.480207914,-0.00245566773,0.511507595,9.53500633,1.86263997,13.9715423,2.12793333,18.0537417,2.27122251,20.8196907,2.33116501
199.526231,-0.00114119739,0.458513465,9.54119959,0.451879609,13.9780988,0.445245865,18.0603847,0.435295467,20.8263246,0.425345329,-0.00231378701,0.458186296,9.53558022,1.7479943,13.9721512,2.00076596,18.0543626,2.13673098,20.8203153,2.19310018
208.929613,-0.00111746847,0.406116094,9.54122333,0.399169593,13.9781226,0.392223209,18.0604084,0.381803862,20.8263482,0.371384788,-0.00218680575,0.405831147,9.53610125,1.63703825,13.9727041,1.87782399,18.0549266,2.00675317,20.8208826,2.05966863
218.776162,-0.00109850886,0.354580019,9.5412423,0.347306139,13.9781416,0.340032381,18.0604273,0.329121984,20.8263671,0.318211873,-0.00207365397,0.354331853,9.53657382,1.52953884,13.9732057,1.75884906,18.0554383,1.8810158,20.8213973,1.93058974
229.086765,-0.00108415764,0.303795964,9.54125666,0.296179275,13.9781559,0.288562716,18.0604417,0.277138125,20.8263814,0.265713835,-0.00197337773,0.303579836,9.53700192,1.42527007,13.9736604,1.64359089,18.0559021,1.75925427,20.8218638,1.80559183
239.883292,-0.00107429302,0.253656246,9.54126654,0.245680592,13.9781658,0.237705074,18.0604515,0.225742058,20.8263912,0.213779356,-0.00188513129,0.253468024,9.53738918,1.32401259,13.9740718,1.53180683,18.0563218,1.64121213,20.8222861,1.6844116
251.188643,-0.00106883124,0.204054545,9.54127202,0.19570301,13.9781713,0.187351615,18.0604569,0.174824797,20.8263965,0.162298309,-0.00180817009,0.203890631,9.53773887,1.22555317,13.9744436,1.42326137,18.0567012,1.52664061,20.8226677,1.5667936
263.026799,-0.00106772594,0.154885686,9.54127314,0.146140553,13.9781724,0.137395568,18.060458,0.124278377,20.8263975,0.111161531,-0.00174184459,0.154742944,9.53805394,1.12968432,13.9747787,1.31772567,18.0570433,1.41529809,20.8230119,1.45248976
275.42287,-0.00107096772,0.106045408,9.54126991,0.0968881283,13.9781691,0.0877310032,18.0604547,0.0739956156,20.8263942,0.0602605894,-0.00168559491,0.105921108,9.53833707,1.0362039,13.9750802,1.21497709,18.0573511,1.30694961,20.8233216,1.34125884
288.40315,-0.00107858408,0.0574301522,9.54126231,0.0478413008,13.9781615,0.0382526116,18.0604471,0.0238698921,20.8263864,0.00948755144,-0.00163894615,0.0573219132,9.53859066,0.944914669,13.9753505,1.11479874,18.0576272,1.20136642,20.8235993,1.23286599
301.995172,-0.00109063963,0.00893683504,9.54125027,-0.00110392728,13.9781495,-0.0111445198,18.060435,-0.0262050793,20.8263742,-0.041265242,-0.00160150444,0.00884258545,9.53881684,0.855623902,13.975592,1.01697909,18.0578739,1.09832552,20.8238475,1.12708223
316.227766,-0.00110723668,-0.039537364,9.5412337,-0.0500513356,13.9781329,-0.0605651293,18.0604184,-0.076335475,20.8263575,-0.0921054049,-0.00157295373,-0.0396194296,9.53901754,0.768143009,13.9758066,0.921311449,18.0580933,0.997609162,20.8240683,1.023684
331.131121,-0.00112851605,-0.0880952225,9.54121244,-0.0991047052,13.9781117,-0.110114002,18.060397,-0.126627586,20.826336,-0.143140733,-0.00155305309,-0.0881666765,9.53919445,0.682287143,13.9759962,0.827593634,18.0582872,0.89900444,20.8242634,0.922452713
346.73685,-0.00115465831,-0.136839691,9.54118633,-0.148368038,13.9780855,-0.159896191,18.0603709,-0.177188041,20.8263097,-0.194479434,-0.00154163477,-0.136901903,9.53934907,0.59787482,13.9761624,0.735627493,18.0584573,0.802302845,20.8244347,0.823174287
363.078055,-0.00118588527,-0.185874112,9.54115513,-0.197945778,13.9780543,-0.210017239,18.0603396,-0.228124035,20.8262783,-0.246230352,-0.0015386028,-0.185928276,9.53948272,0.51472755,13.9763066,0.645218522,18.0586051,0.707299831,20.8245834,0.725638709
380.189396,-0.00122246192,-0.235302437,9.54111858,-0.247943027,13.9780178,-0.260583403,18.0603029,-0.279543553,20.8262415,-0.298503201,-0.00154393218,-0.235349591,9.53959652,0.432669463,13.97643,0.55617546,18.0587318,0.613794394,20.824711,0.629639603
398.107171,-0.00126469861,-0.285229445,9.54107638,-0.298465773,13.9779756,-0.311701877,18.0602607,-0.331555599,20.826199,-0.351408794,-0.00155766875,-0.285270494,9.53969144,0.351526954,13.9765337,0.468309891,18.0588385,0.521588655,20.8248184,0.534973802
416.869383,-0.00131295372,-0.335760965,9.54102816,-0.349621108,13.9779273,-0.363481017,18.0602123,-0.384270425,20.8261505,-0.405059281,-0.00157992953,-0.335796699,9.53976829,0.271128314,13.9766186,0.381435855,18.058926,0.430487449,20.8249065,0.441440921
436.515832,-0.00136763666,-0.387004101,9.54097351,-0.401517459,13.9778727,-0.416030573,18.0601576,-0.437799765,20.8260955,-0.459568379,-0.0016109038,-0.387035205,9.53982771,0.191303381,13.9766853,0.29536946,18.0589951,0.340297918,20.8249762,0.348842946
457.08819,-0.0014292114,-0.439067453,9.54091198,-0.454264812,13.9778111,-0.469461916,18.0600959,-0.49225707,20.8260336,-0.515051618,-0.00165085465,-0.439094526,9.53987021,0.111883183,13.9767344,0.2099285,18.0590465,0.250829112,20.8250281,0.256983817
478.630092,-0.00149820034,-0.492061347,9.54084304,-0.507974946,13.9777422,-0.523888276,18.0600268,-0.547757746,20.8259643,-0.571626581,-0.00170012128,-0.49208491,9.53989615,0.0326995848,13.9767664,0.124932074,18.0590805,0.161891586,20.8250624,0.165669021
501.187234,-0.00157518875,-0.546098072,9.54076611,-0.562761666,13.9776652,-0.579424978,18.0599497,-0.604419398,20.8258869,-0.62941315,-0.00175912182,-0.546118578,9.53990574,-0.0464150583,13.9767816,0.0402002113,18.0590974,0.0732970114,20.8250796,0.0747051842
524.80746,-0.00166082975,-0.601292108,9.54068052,-0.618741045,13.9775797,-0.636189687,18.059864,-0.662362075,20.8258008,-0.688533763,-0.00182835694,-0.601309952,9.53989908,-0.125628254,13.97678,-0.0444465076,18.0590973,-0.0151422251,20.8250798,-0.0161003311
549.540874,-0.00175584981,-0.657760371,9.54058557,-0.676031665,13.9774847,-0.69430265,18.0597689,-0.721708526,20.8257054,-0.749113666,-0.00190841403,-0.657775898,9.53987611,-0.20510772,13.9767616,-0.129187323,18.0590804,-0.103613408,20.825063,-0.106939829
575.439937,-0.00186105492,-0.715622458,9.54048043,-0.734754867,13.9773795,-0.753886954,18.0596635,-0.782584452,20.8255997,-0.811281178,-0.00199997222,-0.715635967,9.53983662,-0.285021737,13.9767263,-0.214201673,18.0590464,-0.192303886,20.8250291,-0.198005683
602.559586,-0.00197733739,-0.775000895,9.54036423,-0.795035006,13.9772633,-0.815068778,18.0595471,-0.845118774,20.8254828,-0.875167961,-0.00210380811,-0.775012648,9.53978028,-0.365539494,13.9766738,-0.299669563,18.058995,-0.281401466,20.8249777,-0.289490737
630.957344,-0.00210568341,-0.836021396,9.54023596,-0.856999706,13.977135,-0.877977662,18.0594186,-0.909443902,20.8253539,-0.940909291,-0.00222080237,-0.836031619,9.53970663,-0.446831448,13.9766036,-0.385771949,18.0589258,-0.3710948,20.8249084,-0.381588709
660.693448,-0.00224718139,-0.898813122,9.54009456,-0.920780133,13.9769936,-0.942746774,18.0592769,-0.975696007,20.8252117,-1.00864435,-0.00235194711,-0.898822013,9.53961502,-0.529069675,13.9765151,-0.472691108,18.0588382,-0.461573784,20.8248207,-0.474494596
691.830971,-0.00240303118,-0.96350895,9.53993881,-0.986511262,13.9768378,-1.00951319,18.0591209,-1.04401531,20.8250551,-1.0785165,-0.00249835438,-0.963516682,9.53950469,-0.612428229,13.9764077,-0.560611024,18.0587315,-0.553029951,20.8247138,-0.56840508
724.43596,-0.00257455415,-1.03024575,9.53976739,-1.05433216,13.9766664,-1.07841817,18.0589492,-1.11454637,20.8248828,-1.15067359,-0.00266126547,-1.03025247,9.5393747,-0.697083505,13.9762803,-0.649717763,18.0586048,-0.645656872,20.8245867,-0.663518939
758.577575,-0.00276320443,-1.09916468,9.53957886,-1.12438628,13.9764778,-1.14960746,18.0587603,-1.18743839,20.8246933,-1.22526828,-0.00284206145,-1.09917052,9.53922395,-0.783214601,13.976132,-0.74019987,18.0584569,-0.739650557,20.8244385,-0.760037457
794.328235,-0.00297058113,-1.17041144,9.53937162,-1.19682174,13.9762706,-1.2232316,18.0585527,-1.26284551,20.8244849,-1.30245832,-0.0030422748,-1.17041652,9.53905116,-0.871003698,13.9759614,-0.83224875,18.0582867,-0.835209862,20.8242678,-0.858164849
831.763771,-0.00319844187,-1.24413662,9.5391439,-1.27179165,13.9760428,-1.29944622,18.0583245,-1.34092714,20.824256,-1.38240692,-0.00326360236,-1.24414103,9.53885487,-0.960636425,13.9757671,-0.92605907,18.0580927,-0.932536902,20.8240732,-0.958108678
870.96359,-0.00344871757,-1.32049599,9.53889379,-1.34945441,13.9757927,-1.37841235,18.058074,-1.42184829,20.8240046,-1.46528303,-0.00350791964,-1.32049982,9.53863341,-1.05230225,13.9755474,-1.02182916,18.0578733,-1.03183747,20.8238531,-1.06008029
912.010839,-0.00372352877,-1.39965079,9.53861915,-1.42997405,13.975518,-1.4602968,18.0577988,-1.50577991,20.8237285,-1.55126174,-0.0037772966,-1.39965412,9.53838492,-1.14619487,13.9753005,-1.11976142,18.0576266,-1.13332145,20.8236056,-1.16429523
954.992586,-0.00402520344,-1.48176812,9.53831767,-1.51352054,13.9752164,-1.54527243,18.0574968,-1.5928992,20.8234254,-1.64052463,-0.00407401513,-1.48177102,9.53810727,-1.2425126,13.9750244,-1.22006274,18.0573504,-1.23720327,20.8233286,-1.27097373
1000,-0.00435629665,-1.56702122,9.53798678,-1.60027017,13.9748855,-1.63351856,18.0571653,-1.68339004,20.8230928,-1.73326009,-0.00440058821,-1.56702373,9.53779813,-1.34145878,13.9747166,-1.32294491,18.0570425,-1.34370231,20.8230197,-1.38034111
1047.12855,-0.00471961197,-1.65558984,9.5376237,-1.69040586,13.9745224,-1.7252213,18.0568015,-1.77744328,20.8227278,-1.82966377,-0.00475978109,-1.65559202,9.53745487,-1.44324219,13.9743745,-1.42862506,18.0567003,-1.4530434,20.8226764,-1.49262827
1096.4782,-0.0051182251,-1.74766062,9.53722533,-1.78411758,13.974124,-1.82057393,18.0564025,-1.87525722,20.8223274,-1.92993894,-0.00515463447,-1.74766251,9.53707459,-1.54807749,13.9739953,-1.53732611,18.0563209,-1.56545721,20.8222957,-1.60807213
1148.15362,-0.00555550968,-1.84342743,9.53678833,-1.88160268,13.9736869,-1.9197773,18.0559647,-1.97703792,20.8218881,-2.03429687,-0.00558849007,-1.84342907,9.53665407,-1.65618561,13.9735758,-1.6492772,18.055901,-1.68118076,20.8218745,-1.72691616
1202.26443,-0.00603516554,-1.94309179,9.53630897,-1.98306633,13.9732075,-2.02304021,18.0554844,-2.08299965,20.8214062,-2.14295733,-0.00606501865,-1.94309321,9.53618976,-1.76779423,13.9731124,-1.76471417,18.0554371,-1.80045789,20.821409,-1.84941081
1258.92541,-0.00656124974,-2.04686323,9.53578322,-2.08872188,13.9726816,-2.13057983,18.0549577,-2.19336532,20.8208777,-2.25614895,-0.00658825071,-2.04686446,9.53567773,-1.8831382,13.9726012,-1.88387998,18.0549253,-1.92353973,20.8208955,-1.97581406
1318.25674,-0.00713821049,-2.15495971,9.53520662,-2.19879129,13.9721049,-2.24262214,18.0543801,-2.3083669,20.8202981,-2.37410969,-0.00716261026,-2.15496078,9.53511364,-2.00246005,13.9720378,-2.00702528,18.0543613,-2.05068522,20.8203296,-2.10639187
1380.38426,-0.00777092432,-2.26760808,9.5345743,-2.31350559,13.9714725,-2.35940235,18.0537466,-2.42824589,20.8196624,-2.49708733,-0.00779295175,-2.267609,9.53449273,-2.1260104,13.9714175,-2.1344088,18.0537402,-2.18216161,20.8197064,-2.24141879
1445.43977,-0.00846473673,-2.38504444,9.53388093,-2.43310529,13.9707791,-2.48116535,18.053052,-2.55325375,20.8189654,-2.62533994,-0.00848460055,-2.38504525,9.53380976,-2.25404851,13.9707351,-2.26629794,18.0530568,-2.31824495,20.8190208,-2.38117841
1513.56125,-0.00922550673,-2.50751467,9.53312063,-2.55784085,13.9700187,-2.60816619,18.0522903,-2.68365245,20.8182011,-2.75913634,-0.0092433973,-2.50751536,9.53305896,-2.38684271,13.9699848,-2.4029692,18.0523055,-2.45922068,20.8182669,-2.52596398
1584.89319,-0.0100596555,-2.63527482,9.53228701,-2.68797313,13.9691849,-2.74067057,18.0514551,-2.81971486,20.8173631,-2.89875666,-0.0100757465,-2.63527542,9.53223399,-2.52467096,13.9691603,-2.54470878,18.0514797,-2.60538413,20.8174383,-2.67607892
1659.58691,-0.0109742198,-2.76859162,9.53137302,-2.8237739,13.9682708,-2.87895528,18.0505395,-2.96172538,20.8164444,-3.04449281,-0.0109886694,-2.76859214,9.53132789,-2.66782136,13.9682546,-2.69181307,18.0505726,-2.75704109,20.8165282,-2.8318374
1737.80083,-0.0119769098,-2.90774297,9.53037095,-2.96552635,13.9672686,-3.02330878,18.0495356,-3.10998036,20.815437,-3.19664909,-0.0119898625,-2.90774341,9.53033303,-2.81659267,13.96726,-2.84458924,18.0495766,-2.91450838,20.8155287,-2.99356497
1819.70086,-0.0130761733,-3.0530184,9.52927238,-3.11352553,13.9661698,-3.17403167,18.048435,-3.2647887,20.8143327,-3.35554268,-0.0130877608,-3.05301879,9.52924102,-2.97129484,13.9661682,-3.00335573,18.0484831,-3.07811443,20.8144315,-3.16159911
1905.46072,-0.0142812648,-3.20471964,9.52806804,-3.26807895,13.9649653,-3.33143724,18.0472284,-3.42647236,20.813122,-3.52150422,-0.0142916073,-3.20471997,9.52804267,-3.13224958,13.9649701,-3.1684429,18.0472831,-3.24819988,20.8132274,-3.33628985
1995.26231,-0.0156023217,-3.36316107,9.52674781,-3.42950707,13.9636449,-3.49585201,18.0459058,-3.59536696,20.8117948,-3.69487844,-0.0156115287,-3.36316135,9.5267279,-3.29979092,13.9636555,-3.34019355,18.0459663,-3.42511815,20.8119062,-3.51800041
2089.29613,-0.0170504471,-3.52867028,9.52530058,-3.59814384,13.9621974,-3.66761628,18.0444559,-3.77182234,20.81034,-3.87602467,-0.0170586185,-3.52867053,9.52528566,-3.47426577,13.9622133,-3.51896355,18.0445219,-3.60923608,20.8104568,-3.70710783
2187.76162,-0.0186378007,-3.70158863,9.52371422,-3.77433724,13.9606108,-3.84708469,18.0428666,-3.95620311,20.8087452,-4.06531752,-0.0186450276,-3.70158884,9.52370384,-3.65603453,13.9606316,-3.7051224,18.0429375,-3.80093457,20.808867,-3.9040036
2290.86765,-0.0203776967,-3.88227175,9.5219754,-3.95844989,13.9588717,-4.03462683,18.0411246,-4.14888931,20.8069972,-4.26314747,-0.0203840622,-3.88227193,9.52196917,-3.84547161,13.9588969,-3.89905387,18.0412,-4.00060914,20.8071236,-4.1090943
2398.83292,-0.0222847124,-4.0710901,9.52006957,-4.15085956,13.9569656,-4.23062775,18.0392152,-4.35027694,20.8050813,-4.46992147,-0.0222902923,-4.07109026,9.52006711,-4.04296607,13.9569948,-4.10115656,18.0392948,-4.20867064,20.8052118,-4.32280229
2511.88643,-0.0243748047,-4.26842954,9.51798078,-4.35195972,13.9548765,-4.43548859,18.0371226,-4.5607786,20.8029815,-4.68606358,-0.0243796682,-4.26842967,9.51798176,-4.24892218,13.9549093,-4.31184456,18.0372058,-4.42554582,20.8031157,-4.54556636
2630.26799,-0.0266654385,-4.47469182,9.51569156,-4.56216016,13.9525869,-4.64962714,18.0348291,-4.7808241,20.8006801,-4.91201561,-0.0266696485,-4.47469193,9.51569569,-4.46376003,13.9526231,-4.53154801,18.0349158,-4.65167799,20.8008178,-4.77784234
2754.2287,-0.0291757248,-4.69029519,9.51318283,-4.78188751,13.9500778,-4.87347842,18.0323157,-5.01086104,20.798158,-5.14823775,-0.0291793389,-4.69029529,9.51318982,-4.68791607,13.950117,-4.76071374,18.0324055,-4.88752768,20.7982988,-5.02010383
2884.0315,-0.0319265727,-4.91567487,9.51043367,-5.01158579,13.9473282,-5.10749524,18.0295614,-5.2513554,20.7953943,-5.39520916,-0.0319296433,-4.91567496,9.51044329,-4.92184371,13.9473702,-4.99980582,18.0296541,-5.1335732,20.7955379,-5.27284281
3019.95172,-0.0349408529,-5.15128362,9.50742125,-5.25171694,13.9443152,-5.35214875,18.0265434,-5.50279217,20.7923658,-5.65342861,-0.0349434279,-5.15128369,9.50743325,-5.16601389,13.9443598,-5.24930618,18.0266386,-5.39031129,20.792512,-5.53657028
3162.27766,-0.0382435762,-5.39759217,9.50412055,-5.50276136,13.941014,-5.60792899,18.0232365,-5.76567585,20.7890474,-5.92341507,-0.038245699,-5.39759223,9.50413473,-5.42091556,13.9410609,-5.50971514,18.0233341,-5.6582577,20.7891961,-5.81181691
3311.31121,-0.0418620862,-5.65508973,9.50050426,-5.76521838,13.9373971,-5.87534541,18.0196134,-6.04053102,20.7854117,-6.20570829,-0.0418637968,-5.65508979,9.50052042,-5.68705621,13.9374461,-5.78155194,18.0197131,-5.93794778,20.7855625,-6.09913358
3467.3685,-0.0458262693,-5.92428443,9.4965425,-6.0396067,13.9334347,-6.15492729,18.0156441,-6.32790289,20.7814287,-6.50086933,-0.0458276038,-5.92428448,9.49656046,-5.96496238,13.9334856,-6.06535527,18.0157458,-6.22993695,20.7815815,-6.39909201
3630.78055,-0.05016878,-6.20570366,9.49220263,-6.32646482,13.929094,-6.44722424,18.011296,-6.62835768,20.7770654,-6.80948106,-0.0501697717,-6.2057037,9.49222225,-6.25518002,13.9291467,-6.36168368,18.0113995,-6.53480126,20.77722,-6.71228526
3801.89396,-0.0549252862,-6.49989445,9.48744901,-6.62635138,13.9243396,-6.75280654,18.0065333,-6.94248312,20.7722861,-7.13214863,-0.0549259651,-6.49989448,9.48747013,-6.55827491,13.9243939,-6.671116,18.0066384,-6.85313778,20.7724423,-7.03932818
3981.07171,-0.060134732,-6.80742367,9.48224272,-6.93984548,13.9191323,-7.07226545,18.001317,-7.27088876,20.7670515,-7.46949985,-0.0601351256,-6.8074237,9.48226521,-6.87483293,13.9191881,-6.99425165,18.0014236,-7.18556498,20.7672093,-7.38085787
4168.69383,-0.0658396219,-7.12887829,9.47654126,-7.26754682,13.9134298,-7.40621348,17.9956045,-7.61420626,20.761319,-7.82218552,-0.0658397553,-7.12887831,9.47656501,-7.20546031,13.9134869,-7.33171095,17.9957125,-7.53272306,20.7614782,-7.737534
4365.15832,-0.0720863255,-7.46486537,9.4702983,-7.61007589,13.9071857,-7.75528448,17.9893494,-7.97308955,20.7550419,-8.19087963,-0.0720862217,-7.4648654,9.47032319,-7.55078371,13.907244,-7.68413519,17.9894587,-7.8952741,20.7552023,-8.11003901
4570.8819,-0.0789254045,-7.81601212,9.4634633,-7.9680739,13.9003494,-8.12013372,17.982501,-8.34821494,20.7481693,-8.57627952,-0.0789250843,-7.81601214,9.46348923,-7.9114503,13.9004088,-8.05218676,17.9826114,-8.27390219,20.7483309,-8.49907833
4786.30092,-0.0864119622,-8.18296564,9.45598119,-8.3422027,13.8928658,-8.50143776,17.9750042,-8.74028106,20.7406459,-8.97910584,-0.0864114447,-8.18296566,9.45600807,-8.28812756,13.8929262,-8.436549,17.9751156,-8.66931338,20.7408085,-8.90538033
5011.87234,-0.0946060167,-8.56639268,9.44779196,-8.73314444,13.884675,-8.89989417,17.9667987,-9.15000861,20.7324112,-9.40010239,-0.0946053192,-8.5663927,9.44781971,-8.68150307,13.8847363,-8.83792598,17.966911,-9.08223547,20.7325747,-9.32969618
5248.0746,-0.103572897,-8.96697905,9.43883034,-9.14160113,13.8757115,-9.31622114,17.9578191,-9.57814003,20.7233995,-9.84003583,-0.103572035,-8.96697907,9.43885888,-9.09228399,13.8757736,-9.25704208,17.9579323,-9.51341768,20.7235639,-9.77279958
5495.40874,-0.113383664,-9.38542897,9.42902528,-9.56829392,13.8659043,-9.75115679,17.9479942,-10.0254389,20.7135393,-10.2996951,-0.113382653,-9.38542898,9.42905454,-9.52119641,13.8659673,-9.69464134,17.9481082,-9.96363003,20.7137045,-10.2354862
5754.39937,-0.124115555,-9.82246406,9.41829958,-10.0139623,13.8551763,-10.2054583,17.9372465,-10.492689,20.7027529,-10.7798907,-0.124114407,-9.82246407,9.4183295,-9.96898446,13.8552399,-10.1514866,17.9373613,-10.4336626,20.7029188,-10.7185729
6025.59586,-0.135852447,-10.2788221,9.4065694,-10.4793626,13.8434434,-10.6799009,17.9254921,-10.9806935,20.6909558,-11.2814536,-0.135851175,-10.2788221,9.40659992,-10.4364091,13.8435077,-10.6283584,17.9256075,-10.9243243,20.6911224,-11.2228969
6309.57344,-0.14868535,-10.7552556,9.39374376,-10.9652669,13.8306148,-11.1752761,17.9126396,-11.4902734,20.6780564,-11.805234,-0.148683964,-10.7552556,9.39377484,-10.9242467,13.8306796,-11.1260535,17.9127556,-11.4364418,20.6782236,-11.7493143
6606.93448,-0.162712909,-11.2525298,9.37972407,-11.472461,13.8165916,-11.6923902,17.8985902,-12.0222656,20.6639553,-12.3520997,-0.162711419,-11.2525298,9.37975564,-11.433287,13.8166571,-11.6453831,17.8987068,-11.9708575,20.664123,-12.2986982
6918.30971,-0.178041931,-11.7714202,9.36440353,-12.0017421,13.8012672,-12.2320619,17.8832368,-12.5775212,20.6485449,-12.9229338,-0.178040347,-11.7714202,9.36443557,-11.9643311,13.8013331,-12.1871706,17.8833538,-12.5284275,20.6487132,-12.8719374
7244.3596,-0.194787921,-12.3127103,9.3476667,-12.5539161,13.784526,-12.7951198,17.8664634,-13.1569027,20.631709,-13.5186326,-0.194786251,-12.3127103,9.34769915,-12.5181889,13.7845923,-12.7522492,17.8665809,-13.1100192,20.6318777,-13.469933
7585.77575,-0.213075627,-12.8771881,9.32938884,-13.1297947,13.7662431,-13.3823994,17.848145,-13.7612809,20.6133216,-14.1401024,-0.213073879,-12.8771881,9.32942168,-13.0956755,13.7663098,-13.3414584,17.848263,-13.7165083,20.6134908,-14.0935964
7943.28235,-0.233039589,-13.4656422,9.30943547,-13.7301916,13.7462839,-13.9947391,17.8281466,-14.3915317,20.5932472,-14.7882563,-0.233037769,-13.4656422,9.30946865,-13.697608,13.7463511,-13.9556409,17.828265,-14.348775,20.5934168,-14.7438452
8317.63771,-0.254824678,-14.0788579,9.28766173,-14.3559181,13.7245036,-14.6329764,17.8063228,-15.0485318,20.5713396,-15.4640098,-0.254822792,-14.0788579,9.28769523,-14.324801,13.7245711,-14.5956381,17.8064415,-15.0077003,20.5715095,-15.4215994
8709.6359,-0.278586623,-14.717612,9.26391192,-15.0077785,13.7007463,-15.2979431,17.7825173,-15.7331538,20.5474417,-16.1682765,-0.278584678,-14.717612,9.26394572,-14.9780619,13.7008141,-15.2622855,17.7826363,-15.6941609,20.547612,-16.1277769
9120.10839,-0.304492518,-15.3826673,9.23801897,-15.6865643,13.6748447,-15.9904595,17.7565623,-16.4462614,20.5213848,-16.9019628,-0.304490518,-15.3826673,9.23805304,-15.6581851,13.6749128,-15.956407,17.7566817,-16.4090244,20.5215554,-16.8632882
9549.92586,-0.332721279,-16.0747662,9.20980398,-16.3930482,13.6466198,-16.7113285,17.7282781,-17.1887025,20.4929881,-17.665962,-0.33271923,-16.0747662,9.20983829,-16.3659463,13.6466881,-16.6788088,17.7283978,-17.1531424,20.493159,-17.6290302
10000,-0.363464063,-16.7946237,9.17907578,-17.127977,13.6158802,-17.4613286,17.6974728,-17.9613033,20.4620586,-18.4611471,-0.363461969,-16.7946237,9.17911032,-17.1020949,13.6159488,-17.4302728,17.6975926,-17.9273447,20.4622297,-18.4258799
10471.2855,-0.396924603,-17.5429196,9.14563065,-17.8920638,13.5824219,-18.2412064,17.6639414,-18.7648602,20.42839,-19.2883641,-0.396922467,-17.5429196,9.14566539,-17.8673467,13.5824908,-18.2115486,17.6640615,-18.7324311,20.4285614,-19.2546866
10964.782,-0.433319462,-18.32029,9.10925199,-18.6859798,13.5460282,-19.0516679,17.6274663,-19.6001314,20.3917633,-20.1484233,-0.433317289,-18.32029,9.10928692,-18.6623751,13.5460972,-19.0233452,17.6275867,-19.569163,20.391935,-20.1162642
11481.5362,-0.47287818,-19.1273178,9.06971021,-19.5103445,13.506469,-19.8933695,17.5878167,-20.4678284,20.3519461,-21.0420904,-0.472875973,-19.1273178,9.06974531,-19.4878022,13.5065382,-19.8663218,17.5879372,-20.438255,20.3521179,-21.0113814
12022.6443,-0.51584328,-19.9645225,9.02676272,-20.3657162,13.4635014,-20.7669079,17.5447483,-21.3686054,20.3086923,-21.970077,-0.515841042,-19.9645225,9.02679799,-20.3441885,13.4635709,-20.7410779,17.5448691,-21.3403644,20.3088643,-21.940753
12589.2541,-0.562470121,-20.8323497,8.98015409,-21.2525809,13.4168696,-21.6728099,17.4980042,-22.3030497,20.261743,-22.9330298,-0.562467854,-20.8323497,8.9801895,-21.2320222,13.4169392,-21.6481427,17.4981252,-22.276081,20.2619152,-22.9050286
13182.5674,-0.613026568,-21.7311594,8.9296163,-22.1713413,13.3663051,-22.6115204,17.4473144,-23.2716696,20.210826,-23.93152,-0.613024275,-21.7311595,8.92965185,-22.1517079,13.3663748,-22.5879638,17.4474355,-23.2459162,20.2109984,-23.9047824
13803.8426,-0.66779245,-22.6612143,8.87486937,-23.1223046,13.3115272,-23.5833913,17.3923968,-24.2748837,20.1556566,-24.9660318,-0.667790133,-22.6612144,8.87490504,-23.1035549,13.3115971,-23.5608954,17.3925181,-24.2502909,20.1558292,-24.9405009
14454.3977,-0.727058785,-23.6226673,8.81562206,-24.1056707,13.2522442,-24.5886694,17.3329577,-25.3130081,20.0959386,-26.03695,-0.727056447,-23.6226673,8.81565786,-24.0877648,13.2523143,-24.5671863,17.3330791,-25.2895238,20.0961113,-26.0125718
15135.6125,-0.791126744,-24.615549,8.75157296,-25.1215193,13.1881539,-25.6274834,17.2686929,-26.386245,20.0313646,-27.1445486,-0.791124385,-24.6155491,8.75160886,-25.1044195,13.188224,-25.6069678,17.2688144,-26.3638194,20.0315374,-27.1212714
15848.9319,-0.860306329,-25.6397557,8.68241173,-26.1697984,13.118945,-26.6998328,17.199289,-27.49467,19.9616177,-28.2889783,-0.860303953,-25.6397558,8.68244773,-26.1534682,13.1190153,-26.680241,17.1994107,-27.4732555,19.9617907,-28.2667527
16595.8691,-0.934914762,-26.6950369,8.60782077,-27.2503114,13.0442991,-27.8055749,17.1244248,-28.6382208,19.886373,-29.4702552,-0.934912369,-26.6950369,8.60785687,-27.2347163,13.0443695,-27.7868654,17.1245467,-28.6177721,19.8865461,-29.4490342
17378.0083,-1.01527455,-27.780984,8.52747711,-28.3627066,12.963892,-28.9444144,17.0437736,-29.8166857,19.8052993,-30.6882496,-1.01527214,-27.7809841,8.5275133,-28.3478135,12.9639625,-28.9265476,17.0438955,-29.7971594,19.8054726,-30.6679881
18197.0086,-1.10171123,-28.8970202,8.44105466,-29.5064663,12.8773964,-30.1158929,16.9570047,-31.0296939,19.7180615,-31.9426758,-1.10170881,-28.8970202,8.44109093,-29.4922436,12.877467,-30.0988308,16.9571268,-31.0110486,19.718235,-31.923331
19054.6072,-1.19455085,-30.0423908,8.34822675,-30.6808982,12.7844842,-31.3193797,16.8637865,-32.2767062,19.6243227,-33.2330836,-1.19454841,-30.0423908,8.34826309,-30.6673157,12.7845549,-31.3030862,16.8639087,-32.2589025,19.6244962,-33.2146145
19952.6231,-1.29411705,-31.2161565,8.24866897,-31.8851279,12.6848295,-32.5540653,16.7637891,-33.5570086,19.523747,-34.5588513,-1.29411461,-31.2161565,8.24870539,-31.8721568,12.6849003,-32.5385059,16.7639114,-33.5400087,19.5239206,-34.5412187
20892.9613,-1.40072801,-32.4171881,8.14206231,-33.1180943,12.5781114,-33.8189562,16.6566873,-34.8697071,19.4160029,-35.9191809,-1.40072556,-32.4171882,8.1420988,-33.1057071,12.5781823,-33.8040978,16.6568097,-34.8534749,19.4161766,-35.9023475
21877.6162,-1.51469307,-33.6441642,8.02809645,-34.3785468,12.4640177,-35.1128723,16.5421639,-36.2137253,19.300766,-37.3130956,-1.5146906,-33.6441642,8.028133,-34.3667174,12.4640886,-35.0986835,16.5422864,-36.1982266,19.3009399,-37.2970259
22908.6765,-1.63630918,-34.8955709,7.90647332,-35.6650462,12.3422479,-36.434448,16.4199131,-37.5878057,19.1777229,-38.739441,-1.6363067,-34.895571,7.90650994,-35.6537494,12.342319,-36.4208987,16.4200358,-37.5730074,19.1778969,-38.7241008
23988.3292,-1.76585732,-36.1697064,7.77691071,-36.975968,12.2125175,-37.7821357,16.2896444,-38.9905127,19.0465742,-40.1968882,-1.76585484,-36.1697065,7.77694738,-36.9651798,12.2125887,-37.7691972,16.2897671,-38.9763837,19.0467482,-40.182245
25118.8643,-1.90359884,-37.4646874,7.63914587,-38.3095099,12.074561,-39.154213,16.1510856,-40.4202408,18.9070384,-41.6839416,-1.90359635,-37.4646875,7.63918261,-38.2992075,12.0746322,-39.1418579,16.1512084,-40.406751,18.9072125,-41.6699646
26302.6799,-2.04977182,-38.7784601,7.49293918,-39.6637025,11.9281356,-40.548794,16.0039868,-41.8752249,18.7588552,-43.1989498,-2.04976932,-38.7784602,7.49297597,-39.6538639,11.9282069,-40.536996,16.0041097,-41.8623459,18.7590293,-43.1856093
27542.287,-2.20458768,-40.1088144,7.3380775,-41.0364236,11.773025,-41.9638433,15.8481236,-43.3535552,18.6017887,-44.7401198,-2.20458518,-40.1088145,7.33811434,-41.0270282,11.7730964,-41.9525776,15.8482466,-43.3412597,18.6019629,-44.7273875
28840.315,-2.36822798,-41.4534019,7.1743774,-42.4254167,11.6090421,-43.3971947,15.6833002,-44.8531955,18.4356307,-46.305535,-2.36822547,-41.453402,7.1744143,-42.4164445,11.6091136,-43.3864373,15.6834233,-44.8414575,18.435805,-46.2933842
30199.5172,-2.54084158,-42.8097568,7.00168796,-43.8283117,11.4360319,-44.8465719,15.5093521,-46.3720042,18.2602033,-47.8931769,-2.54083907,-42.8097569,7.00172491,-43.8197436,11.4361035,-44.8363,15.5094753,-46.3607987,18.2603776,-47.8815817
31622.7766,-2.72254228,-44.1753202,6.81989316,-45.2426492,11.2538741,-46.3096132,15.3261486,-47.9077587,18.0753607,-49.5009487,-2.72253977,-44.1753203,6.81993015,-45.2344671,11.2539457,-46.2998052,15.3262718,-47.8970621,18.075535,-49.4898847
33113.1121,-2.91340692,-45.5474662,6.62891372,-46.6659074,11.0624847,-47.7838984,15.1335943,-49.4581825,17.8809915,-51.1267023,-2.9134044,-45.5474663,6.62895076,-46.6580939,11.0625563,-47.7745334,15.1337176,-49.4479722,17.8811659,-51.116146
34673.685,-3.11347412,-46.9235307,6.42870841,-48.0955301,10.8618171,-49.266977,14.9316303,-51.0209737,17.6770195,-52.7682665,-3.11347159,-46.9235308,6.42874549,-48.0880688,10.8618888,-49.2580351,14.9317537,-51.0112281,17.6771938,-52.7581957
36307.8055,-3.32274362,-48.3008402,6.21927466,-49.5289569,10.6518634,-50.7563979,14.7202352,-52.5938346,17.463404,-54.4234766,-3.32274109,-48.3008403,6.21931178,-49.5218319,10.6519351,-50.7478603,14.7203586,-52.584533,17.4635783,-54.4138699
38018.9396,-3.5411763,-49.6767418,6.00064855,-50.9636525,10.4326534,-52.2497401,14.4994243,-54.1745021,17.2401399,-56.0902041,-3.54117377,-49.6767419,6.00068571,-50.9568487,10.4327252,-52.2415886,14.4995477,-54.1656249,17.2403142,-56.0810412
39810.7171,-3.76869484,-51.0486327,5.77290416,-52.3971369,10.2042546,-53.7446419,14.2692492,-55.7607775,17.0072566,-57.7663863,-3.7686923,-51.0486328,5.77294135,-52.3906398,10.2043265,-53.7368594,14.2693727,-55.7523058,17.0074308,-57.7576479
41686.9383,-4.00518496,-52.4139884,5.53615222,-53.8270135,9.9667707,-55.23883,14.0297964,-57.350555,16.7648163,-59.4500547,-4.00518243,-52.4139885,5.53618945,-53.8208095,9.96684261,-55.2313999,14.0299199,-57.342471,16.7649904,-59.4417222
43651.5832,-4.25049738,-53.7703892,5.29053829,-55.2509963,9.72033944,-56.7301464,13.7811851,-58.9418489,16.5129122,-61.1393611,-4.25049484,-53.7703893,5.29057555,-55.2450721,9.72041138,-56.723053,13.7813086,-58.9341355,16.5130862,-61.131417
45708.819,-4.50445014,-55.1155442,5.03624028,-56.666934,9.46513034,-58.2165728,13.5235646,-60.5328182,16.2516654,-62.8326017,-4.5044476,-55.1155443,5.03627757,-56.6612771,9.46520232,-58.2098011,13.523688,-60.525459,16.2518392,-62.8250292
47863.0092,-4.76683147,-56.4473126,4.77346561,-58.0728315,9.20134175,-59.6962525,13.2571112,-62.1217878,15.981222,-64.5282381,-4.76682893,-56.4473127,4.77350293,-58.0674299,9.20141376,-59.6897882,13.2572346,-62.1147673,15.9813956,-64.521021
50118.7234,-5.03740298,-57.7637216,4.502448,-59.4668683,8.92919752,-61.1675089,12.9820252,-63.7072673,15.7017492,-66.2249142,-5.03740043,-57.7637218,4.50248535,-59.4617106,8.92926956,-61.1613383,12.9821486,-63.7005706,15.7019225,-66.2180373
52480.746,-5.31590307,-59.062981,4.223444,-60.8474135,8.64894349,-62.6288603,12.6985265,-65.2879652,15.4134318,-67.9214706,-5.31590053,-59.0629812,4.22348137,-60.8424888,8.64901556,-62.6229704,12.6986499,-65.2815782,15.4136049,-67.9149193
54954.0874,-5.60205059,-60.3434937,3.93672934,-62.2130364,8.36084377,-64.0790314,12.4068515,-66.8628005,15.116468,-69.6169538,-5.60204805,-60.3434939,3.93676673,-62.2083342,8.36091585,-64.0734095,12.4069748,-66.8567096,15.1166407,-69.6107143
57543.9937,-5.89554842,-61.6038633,3.64259524,-63.5625147,8.06517693,-65.5169608,12.1072484,-68.4309095,14.811065,-71.3106227,-5.89554588,-61.6038635,3.64263266,-63.5580251,8.06524902,-65.5115952,12.1073715,-68.4251018,14.8112374,-71.3046816
60255.9586,-6.19608715,-62.8428978,3.34134473,-64.8948384,7.76223226,-66.9418059,11.7999736,-69.9916499,14.4974355,-73.0019503,-6.1960846,-62.842898,3.34138217,-64.8905518,7.76230436,-66.9366851,11.8000967,-69.9861132,14.4976075,-72.996295
63095.7344,-6.50334858,-64.0596103,3.03328909,-66.2092108,7.45230607,-68.3529433,11.485288,-71.5446014,14.1757929,-74.6906225,-6.50334603,-64.0596105,3.03332654,-66.2051182,7.45237816,-68.3480566,11.4854109,-71.5393239,14.1759644,-74.685241
66069.3448,-6.81700907,-65.2532165,2.71874441,-67.5050469,7.13569815,-69.7499676,11.1634528,-73.0895623,13.846348,-76.3765334,-6.81700651,-65.2532167,2.71878187,-67.5011396,7.13577023,-69.7453046,11.1635755,-73.0845328,13.846519,-76.3714141
69183.0971,-7.13674265,-66.4231303,2.39802844,-68.7819686,6.8127085,-71.1326866,10.8347263,-74.626545,13.5093049,-78.0597771,-7.13674009,-66.4231305,2.39806592,-68.7782383,6.81278057,-71.1282374,10.8348488,-74.6217528,13.5094753,-78.054909
72443.596,-7.4622239,-67.5689565,2.07145767,-70.0397983,6.48363426,-72.5011148,10.4993604,-76.1557673,13.1648579,-79.7406375,-7.46222134,-67.5689568,2.07149516,-70.0362371,6.4837063,-72.49687,10.4994827,-76.1512022,13.1650276,-79.7360102
75857.7575,-7.79313046,-68.6904824,1.73934466,-71.2785508,6.14876689,-73.8554652,10.1575978,-77.6776432,12.8131882,-81.4195754,-7.7931279,-68.6904826,1.73938215,-71.2751511,6.1488389,-73.8514157,10.1577199,-77.6732955,12.8133572,-81.4151789
79432.8235,-8.12914531,-69.7876674,1.40199575,-72.4984231,5.80838975,-75.196139,9.80966912,-79.1927712,12.454461,-83.0972134,-8.12914275,-69.7876677,1.40203325,-72.4951778,5.80846171,-75.1922763,9.80979088,-79.1886316,12.4546292,-83.0930382
83176.3771,-8.46995867,-70.8606326,1.05970904,-73.6997844,5.46277585,-76.5237155,9.45579033,-80.7019212,12.0888234,-84.7743196,-8.46995611,-70.8606329,1.05974654,-73.6966866,5.46284776,-76.5200314,9.45591177,-80.6979809,12.0889907,-84.7703566
87096.359,-8.81526964,-71.9096487,0.712772629,-74.8831647,5.11218601,-77.8389399,9.0961609,-82.2060211,11.7164019,-86.4517898,-8.81526708,-71.909649,0.71281013,-74.8802078,5.11225786,-77.8354266,9.09628199,-82.2022717,11.7165682,-86.4480303
91201.0839,-9.16478748,-72.9351242,0.361463261,-76.049243,4.7568672,-79.1427117,8.73096175,-83.7061419,11.3373008,-88.1306284,-9.16478492,-72.9351245,0.36150076,-76.0464207,4.75693898,-79.1393617,8.73108244,-83.7025755,11.337466,-88.1270641
95499.2586,-9.51823268,-73.9375939,0.00604511807,-77.198836,4.3970512,-80.4360726,8.36035366,-85.2034832,10.9516007,-89.8119288,-9.51823012,-73.9375942,0.00608261179,-77.1961424,4.39712289,-80.4328788,8.36047391,-85.2000919,10.9517648,-89.8085518
100000,-9.87533771,-74.9177065,-0.353231062,-78.3328867,4.03295348,-81.7201945,7.98447601,-86.6993569,10.5593577,-91.4968532,-9.87533515,-74.9177068,-0.353193575,-78.330316,4.03302508,-81.7171502,7.98459577,-86.6961335,10.5595204,-91.4936558
104712.855,-10.2358476,-75.876214,-0.716128663,-79.4524536,3.6647723,-82.9963675,7.6034456,-88.1951728,10.160602,-93.1866114,-10.235845,-75.8762143,-0.716091187,-79.4500004,3.66484379,-82.9934662,7.60356483,-88.1921103,10.1607633,-93.1835865
109647.82,-10.5995201,-76.8139606,-1.08242568,-80.5586998,3.29268797,-84.2659891,7.21735583,-89.692422,9.75533832,-94.8824405,-10.5995176,-76.813961,-1.08238821,-80.5563589,3.29275935,-84.2632245,7.21747447,-89.6895138,9.75549816,-94.8795812
114815.362,-10.9661263,-77.7318727,-1.45191501,-81.6528837,2.91686232,-85.5305523,6.82627597,-91.1926621,9.34354524,-96.5855835,-10.9661237,-77.7318731,-1.45187756,-81.6506502,2.91693355,-85.5279187,6.82639397,-91.1899018,9.34370346,-96.5828831
120226.443,-11.3354498,-78.6309494,-1.82440465,-82.7363498,2.53743822,-86.7916363,6.43025071,-92.6975011,8.92517566,-98.2972684,-11.3354472,-78.6309498,-1.82436722,-82.7342188,2.53750931,-86.789128,6.43036801,-92.6948827,8.92533213,-98.2947204
125892.541,-11.7072875,-79.5122542,-2.19971771,-83.8105199,2.15453934,-88.0508957,6.02929982,-94.2085822,8.50015737,-100.018688,-11.7072849,-79.5122547,-2.19968031,-83.808487,2.15461026,-88.0485073,6.02941635,-94.2060999,8.50031196,-100.016286
131825.674,-12.0814486,-80.3769073,-2.57769241,-84.8768865,1.76826983,-89.3100517,5.62341799,-95.7275683,8.06839399,-101.750977,-12.0814461,-80.3769077,-2.57765504,-84.8749474,1.76834056,-89.3077781,5.62353369,-95.7252165,8.06854657,-101.748716
138038.426,-12.4577548,-81.2260783,-2.95818193,-85.937005,1.37871422,-90.5708827,5.21257487,-97.2561264,7.62976623,-103.495197,-12.4577522,-81.2260788,-2.95814458,-85.9351555,1.37878475,-90.5687191,5.21268968,-97.2538999,7.62991665,-103.493071
144543.977,-12.8360394,-82.0609806,-3.34105425,-86.9924884,0.985937282,-91.8352164,4.79671527,-98.7959126,7.1841335,-105.252313,-12.8360369,-82.0609811,-3.34101694,-86.9907246,0.986007583,-91.8331582,4.79682911,-98.7938064,7.18428163,-105.250316
151356.125,-13.2161474,-82.8828658,-3.72619196,-88.0450018,0.58998395,-93.1049212,4.37575947,-100.348556,6.73133588,-107.023179,-13.2161448,-82.8828663,-3.72615469,-88.0433199,0.590054003,-93.102964,4.37587225,-100.346566,6.73148157,-107.021305
158489.319,-13.5979344,-83.6930193,-4.11349205,-89.0962574,0.190879271,-94.381899,3.94960378,-101.915646,6.27119644,-108.808516,-13.5979318,-83.6930198,-4.11345482,-89.094654,0.190949053,-94.3800384,3.94971542,-101.913766,6.27133953,-108.806761
165958.691,-13.9812665,-84.4927566,-4.50286566,-90.1480114,-0.211371631,-95.668077,3.51812124,-103.49871,5.80352385,-110.608903,-13.9812639,-84.4927571,-4.50282848,-90.146483,-0.211302147,-95.6663091,3.51823166,-103.496937,5.8036642,-110.607262
173780.083,-14.3660197,-85.28342,-4.89423791,-91.2020596,-0.61678358,-96.9654006,3.08116261,-105.099209,5.32811541,-112.424762,-14.3660171,-85.2834206,-4.89420078,-91.2006029,-0.616714421,-96.9637216,3.08127172,-105.097538,5.32825287,-112.423229
181970.086,-14.7520792,-86.0663765,-5.28754767,-92.2602352,-1.02539136,-98.2758262,2.63855745,-106.718513,4.84476028,-114.256342,-14.7520766,-86.0663771,-5.2875106,-92.2588471,-1.02532255,-98.2742325,2.63866515,-106.716939,4.84489471,-114.254914
190546.072,-15.139339,-86.8430155,-5.68274742,-93.3244059,-1.4372497,-99.6013134,2.19011556,-108.357889,4.35324309,-116.10372,-15.1393364,-86.8430161,-5.68271042,-93.3230836,-1.43718128,-99.5998013,2.19022177,-108.356409,4.35337433,-116.10239
199526.231,-15.5277013,-87.6147478,-6.07980312,-94.3964721,-1.85243327,-100.943817,1.73562864,-110.01849,3.85334767,-117.966785,-15.5276988,-87.6147485,-6.07976619,-94.3952126,-1.85236527,-100.942384,1.73573324,-110.017101,3.85347559,-117.96555
208929.613,-15.9170762,-88.3830051,-6.47869411,-95.478365,-2.27103664,-102.305281,1.27487218,-111.701338,3.34486109,-119.845245,-15.9170736,-88.3830058,-6.47865726,-95.4771656,-2.2709691,-102.303923,1.27497508,-111.700035,3.34498554,-119.844101
218776.162,-16.3073807,-89.1492391,-6.87941306,-96.5720447,-2.69317418,-103.687627,0.807607708,-113.40731,2.82757768,-121.738625,-16.3073781,-89.1492399,-6.8793763,-96.570903,-2.69310712,-103.686341,0.807708797,-113.40609,2.82769855,-121.737566
229086.765,-16.6985388,-89.9149223,-7.28196599,-97.6794996,-3.1189799,-105.092751,0.333585286,-115.137132,2.3013032,-123.646268,-16.6985363,-89.9149231,-7.28192932,-97.6784131,-3.11891338,-105.091534,0.333684464,-115.135991,2.30142037,-123.645291
239883.292,-17.0904808,-90.6815481,-7.68637229,-98.8027443,-3.5486073,-106.522507,-0.147453693,-116.89136,1.76585888,-125.567352,-17.0904783,-90.681549,-7.68633572,-98.8017107,-3.54854136,-106.521356,-0.147356533,-116.890295,1.76597223,-125.566453
251188.643,-17.4831428,-91.4506324,-8.09266485,-99.9438188,-3.98222903,-107.978705,-0.63577343,-118.670382,1.22108531,-127.500899,-17.4831402,-91.4506333,-8.0926284,-99.9428358,-3.98216371,-107.977618,-0.63567839,-118.669389,1.22119475,-127.500072
263026.799,-17.8764663,-92.2237143,-8.50089017,-101.104787,-4.42003649,-109.463098,-1.13164037,-120.474404,0.666846158,-129.445791,-17.8764637,-92.2237152,-8.50085385,-101.103852,-4.41997183,-109.462073,-1.13154756,-120.47348,0.666951614,-129.445033
275422.87,-18.270398,-93.0023582,-8.9111086,-102.287735,-4.86223928,-110.977372,-1.63531966,-122.303449,0.103031447,-131.400793,-18.2703954,-93.0023592,-8.91107242,-102.286847,-4.86217534,-110.976405,-1.63522917,-122.302593,0.103132849,-131.4001
288403.15,-18.6648894,-93.7881558,-9.32339452,-103.494771,-5.30906451,-112.523134,-2.14707138,-124.157361,-0.470439546,-133.364576,-18.6648869,-93.7881568,-9.32335848,-103.493928,-5.30900134,-112.522224,-2.1469833,-124.156567,-0.470342249,-133.363944
301995.172,-19.0598965,-94.5827283,-9.73783662,-104.72802,-5.76075587,-114.101905,-2.66714668,-126.035799,-1.05361594,-135.335744,-19.059894,-94.5827293,-9.73780075,-104.72722,-5.76069353,-114.101049,-2.66706111,-126.035065,-1.05352278,-135.33517
316227.766,-19.4553793,-95.3877292,-10.1545382,-105.989627,-6.21757257,-115.715106,-3.19578387,-127.93825,-1.64651349,-137.312865,-19.4553767,-95.3877303,-10.1545026,-105.988868,-6.21751111,-115.714302,-3.1957009,-127.937573,-1.64642449,-137.312344
331131.121,-19.8513017,-96.2048474,-10.5736177,-107.281749,-6.67978794,-117.364048,-3.73320456,-129.864039,-2.24911348,-139.294497,-19.8512992,-96.2048485,-10.5735822,-107.281029,-6.67972741,-117.363295,-3.73312426,-129.863417,-2.24902862,-139.294026
346736.85,-20.2476315,-97.03581,-10.9952085,-108.606556,-7.14768786,-119.049924,-4.27960985,-131.812341,-2.86136226,-141.279226,-20.2476289,-97.0358112,-10.9951732,-108.605873,-7.14762833,-119.049218,-4.27953229,-131.811769,-2.86128154,-141.2788
363078.055,-20.6443397,-97.8823864,-11.4194599,-109.966224,-7.62156888,-120.773796,-4.83517685,-133.782196,-3.48317153,-143.26569,-20.6443372,-97.8823876,-11.4194248,-109.965577,-7.62151041,-120.773136,-4.83510208,-133.781673,-3.4830949,-143.265307
380189.396,-21.0414009,-98.7463918,-11.8465371,-111.362934,-8.10173602,-122.536588,-5.40005541,-135.772538,-4.11441924,-145.252618,-21.0413983,-98.7463931,-11.8465023,-111.362323,-8.10167867,-122.535972,-5.39998349,-135.77206,-4.11434665,-145.252275
398107.171,-21.4387926,-99.6296918,-12.2766216,-112.798869,-8.58850037,-124.339077,-5.97436537,-137.782212,-4.75495114,-147.238853,-21.43879,-99.6296931,-12.2765871,-112.798291,-8.5884442,-124.338503,-5.97429634,-137.781777,-4.75488252,-147.238547
416869.383,-21.8364954,-100.534207,-12.7099115,-114.276203,-9.08217634,-126.181891,-6.55819425,-139.810007,-5.4045829,-149.223386,-21.8364929,-100.534208,-12.7098772,-114.275657,-9.08212141,-126.181357,-6.55812814,-139.809612,-5.40451817,-149.223113
436515.832,-22.2344932,-101.461916,-13.1466215,-115.7971,-9.58307867,-128.0655,-7.15159551,-141.854682,-6.06310276,-151.205372,-22.2344906,-101.461917,-13.1465876,-115.796586,-9.58302504,-128.065005,-7.15153232,-141.854325,-6.06304182,-151.20513
457088.19,-22.6327725,-102.414865,-13.5869835,-117.363708,-10.0915192,-129.990219,-7.75458749,-143.915003,-6.73027454,-153.184162,-22.6327699,-102.414866,-13.5869499,-117.363223,-10.091467,-129.989761,-7.75452723,-143.914681,-6.73021728,-153.183948
478630.092,-23.0313229,-103.395169,-14.0312463,-118.978148,-10.6078036,-131.956208,-8.367153,-145.98977,-7.40584103,-155.159315,-23.0313203,-103.39517,-14.031213,-118.977691,-10.6077528,-131.955785,-8.36709567,-145.98948,-7.40578733,-155.159126
501187.234,-23.4301372,-104.40502,-14.4796753,-120.642511,-11.1322277,-133.963475,-8.9892396,-148.077854,-8.08952754,-157.130616,-23.4301346,-104.405022,-14.4796425,-120.642081,-11.1321783,-133.963085,-8.98918517,-148.077594,-8.08947728,-157.130451
524807.46,-23.8292111,-105.446694,-14.9325529,-122.358848,-11.6650739,-136.011889,-9.62076059,-150.178228,-8.78104565,-159.098089,-23.8292085,-105.446696,-14.9325205,-122.358445,-11.6650261,-136.011531,-9.62070901,-150.177996,-8.78099869,-159.097944
549540.874,-24.2285437,-106.522558,-15.3901777,-124.129164,-12.206608,-138.101188,-10.2615966,-152.290001,-9.48009693,-161.062004,-24.2285412,-106.52256,-15.3901457,-124.128787,-12.2065617,-138.10086,-10.2615478,-152.289794,-9.48005313,-161.061878
575439.937,-24.6281377,-107.635076,-15.8528636,-125.955408,-12.7570754,-140.230997,-10.9115978,-154.412444,-10.1863767,-163.022882,-24.6281352,-107.635078,-15.8528321,-125.955055,-12.7570307,-140.230698,-10.9115518,-154.412261,-10.1863359,-163.022774
602559.586,-25.0279995,-108.786821,-16.3209399,-127.839464,-13.3166981,-142.400848,-11.5705868,-156.545022,-10.8995775,-164.981503,-25.027997,-108.786823,-16.3209089,-127.839134,-13.316655,-142.400575,-11.5705435,-156.544861,-10.8995396,-164.98141
630957.344,-25.4281399,-109.980479,-16.7947493,-129.783148,-13.8856719,-144.610201,-12.2383618,-158.687416,-11.6193929,-166.9389,-25.4281373,-109.980481,-16.7947188,-129.782841,-13.8856305,-144.609953,-12.2383212,-158.687275,-11.6193577,-166.938821
660693.448,-25.8285742,-111.218863,-17.2746472,-131.788196,-14.4641642,-146.858475,-12.9147002,-160.839545,-12.3455202,-168.896364,-25.8285716,-111.218866,-17.2746173,-131.78791,-14.4641245,-146.858251,-12.914662,-160.839422,-12.3454876,-168.896297
691830.971,-26.229323,-112.504924,-17.761,-133.856261,-15.0523118,-149.145078,-13.5993623,-163.001586,-13.077664,-170.855436,-26.2293205,-112.504926,-17.7609707,-133.855996,-15.0522738,-149.144876,-13.5993266,-163.001479,-13.0776338,-170.85538
724435.96,-26.6304133,-113.841757,-18.2541835,-135.988909,-15.6502199,-151.469436,-14.2920958,-165.173987,-13.8155386,-172.817907,-26.6304108,-113.84176,-18.2541548,-135.988663,-15.6501836,-151.469255,-14.2920624,-165.173894,-13.8155108,-172.817861
758577.575,-27.0318788,-115.23262,-18.7545806,-138.187612,-16.2579616,-153.831033,-14.9926397,-167.357482,-14.558871,-174.785812,-27.0318763,-115.232623,-18.7545526,-138.187385,-16.257927,-153.830872,-14.9926086,-167.357402,-14.5588453,-174.785774
794328.235,-27.4337613,-116.680945,-19.2625795,-140.453753,-16.8755781,-156.229445,-15.7007287,-169.553098,-15.3074027,-176.761424,-27.4337587,-116.680948,-19.2625523,-140.453544,-16.8755452,-156.229301,-15.7006998,-169.553031,-15.307379,-176.761394
831763.771,-27.836112,-118.19035,-19.7785714,-142.788626,-17.5030794,-158.664375,-16.4160973,-171.762166,-16.0608923,-178.747253,-27.8361095,-118.190353,-19.7785448,-142.788434,-17.5030482,-158.664248,-16.4160704,-171.76211,-16.0608705,-178.74723
870963.59,-28.2389932,-119.764659,-20.3029476,-145.19344,-18.1404465,-161.135695,-17.138484,-173.98632,-16.8191175,179.253961,-28.2389907,-119.764662,-20.3029218,-145.193265,-18.1404171,-161.135583,-17.1384591,-173.986273,-16.8190974,179.253978
912010.839,-28.6424802,-121.407917,-20.8360977,-147.669328,-18.7876338,-163.643477,-17.8676354,-176.227502,-17.5818767,177.239253,-28.6424777,-121.40792,-20.8360728,-147.669168,-18.787606,-163.643379,-17.8676124,-176.227464,-17.5818584,177.239265
954992.586,-29.0466633,-123.124408,-21.3784072,-150.217362,-19.4445722,-166.188031,-18.6033104,-178.487966,-18.3489914,175.205432,-29.0466608,-123.124411,-21.378383,-150.217217,-19.444546,-166.187946,-18.6032891,-178.487935,-18.3489745,175.205438
1000000,-29.4516511,-124.918674,-21.9302548,-152.838565,-20.1111733,-168.769938,-19.3452837,179.229726,-19.1203073,173.149083,-29.4516486,-124.918678,-21.9302315,-152.838434,-20.1111487,-168.769865,-19.345264,179.22975,-19.1202919,173.149085
