frecuencia_hz,carga_1meg_cable_300pf_db,carga_1meg_cable_600pf_db,carga_10k_cable_300pf_db,carga_10k_cable_600pf_db
1,-0.0692099732,-0.0692094705,-5.10546312,-5.10546296
1.02329299,-0.0692099416,-0.0692094153,-5.10546373,-5.10546357
1.04712855,-0.0692099086,-0.0692093575,-5.10546438,-5.1054642
1.07151931,-0.0692098741,-0.0692092969,-5.10546505,-5.10546487
1.0964782,-0.0692098378,-0.0692092335,-5.10546575,-5.10546556
1.12201845,-0.0692097999,-0.0692091671,-5.10546649,-5.10546629
1.14815362,-0.0692097602,-0.0692090976,-5.10546726,-5.10546706
1.17489755,-0.0692097187,-0.0692090248,-5.10546807,-5.10546785
1.20226443,-0.0692096752,-0.0692089486,-5.10546892,-5.10546869
1.23026877,-0.0692096296,-0.0692088688,-5.10546981,-5.10546957
1.25892541,-0.0692095819,-0.0692087852,-5.10547073,-5.10547048
1.28824955,-0.0692095319,-0.0692086977,-5.10547171,-5.10547145
1.31825674,-0.0692094796,-0.069208606,-5.10547273,-5.10547245
1.34896288,-0.0692094248,-0.0692085101,-5.10547379,-5.1054735
1.38038426,-0.0692093674,-0.0692084096,-5.10547491,-5.10547461
1.41253754,-0.0692093073,-0.0692083044,-5.10547608,-5.10547576
1.44543977,-0.0692092444,-0.0692081942,-5.1054773,-5.10547697
1.47910839,-0.0692091785,-0.0692080788,-5.10547858,-5.10547824
1.51356125,-0.0692091096,-0.069207958,-5.10547993,-5.10547956
1.54881662,-0.0692090373,-0.0692078315,-5.10548133,-5.10548095
1.58489319,-0.0692089617,-0.0692076991,-5.1054828,-5.10548241
1.6218101,-0.0692088825,-0.0692075603,-5.10548434,-5.10548393
1.65958691,-0.0692087996,-0.0692074151,-5.10548596,-5.10548552
1.69824365,-0.0692087127,-0.069207263,-5.10548765,-5.10548719
1.73780083,-0.0692086218,-0.0692071038,-5.10548942,-5.10548894
1.77827941,-0.0692085266,-0.069206937,-5.10549127,-5.10549077
1.81970086,-0.0692084269,-0.0692067624,-5.10549321,-5.10549269
1.86208714,-0.0692083224,-0.0692065795,-5.10549524,-5.10549469
1.90546072,-0.0692082131,-0.0692063881,-5.10549737,-5.1054968
1.9498446,-0.0692080986,-0.0692061876,-5.1054996,-5.105499
1.99526231,-0.0692079788,-0.0692059776,-5.10550193,-5.1055013
2.04173794,-0.0692078532,-0.0692057578,-5.10550437,-5.10550371
2.08929613,-0.0692077218,-0.0692055276,-5.10550693,-5.10550624
2.13796209,-0.0692075842,-0.0692052866,-5.10550961,-5.10550889
2.18776162,-0.0692074401,-0.0692050342,-5.10551241,-5.10551166
2.23872114,-0.0692072891,-0.0692047699,-5.10551535,-5.10551456
2.29086765,-0.0692071311,-0.0692044931,-5.10551842,-5.10551759
2.34422882,-0.0692069656,-0.0692042033,-5.10552164,-5.10552078
2.39883292,-0.0692067924,-0.0692038999,-5.10552501,-5.10552411
2.45470892,-0.0692066109,-0.0692035821,-5.10552854,-5.10552759
2.51188643,-0.069206421,-0.0692032494,-5.10553224,-5.10553125
2.57039578,-0.069206222,-0.069202901,-5.10553611,-5.10553507
2.63026799,-0.0692060137,-0.0692025361,-5.10554017,-5.10553907
2.6915348,-0.0692057956,-0.0692021541,-5.10554441,-5.10554327
2.7542287,-0.0692055671,-0.0692017541,-5.10554885,-5.10554766
2.81838293,-0.069205328,-0.0692013352,-5.10555351,-5.10555226
2.8840315,-0.0692050775,-0.0692008965,-5.10555838,-5.10555707
2.95120923,-0.0692048153,-0.0692004373,-5.10556348,-5.10556211
3.01995172,-0.0692045406,-0.0691999563,-5.10556883,-5.10556739
3.09029543,-0.0692042531,-0.0691994527,-5.10557442,-5.10557292
3.16227766,-0.069203952,-0.0691989254,-5.10558028,-5.10557871
3.23593657,-0.0692036367,-0.0691983732,-5.10558642,-5.10558477
3.31131121,-0.0692033065,-0.0691977949,-5.10559284,-5.10559111
3.38844156,-0.0692029608,-0.0691971895,-5.10559957,-5.10559776
3.4673685,-0.0692025988,-0.0691965554,-5.10560661,-5.10560472
3.54813389,-0.0692022197,-0.0691958916,-5.10561399,-5.105612
3.63078055,-0.0692018228,-0.0691951964,-5.10562171,-5.10561963
3.71535229,-0.0692014071,-0.0691944684,-5.1056298,-5.10562762
3.80189396,-0.0692009719,-0.0691937062,-5.10563827,-5.10563599
3.89045145,-0.0692005161,-0.069192908,-5.10564714,-5.10564475
3.98107171,-0.0692000389,-0.0691920722,-5.10565642,-5.10565392
4.07380278,-0.0691995392,-0.0691911971,-5.10566615,-5.10566353
4.16869383,-0.0691990159,-0.0691902806,-5.10567633,-5.10567359
4.26579519,-0.069198468,-0.069189321,-5.10568699,-5.10568412
4.36515832,-0.0691978942,-0.0691883162,-5.10569815,-5.10569515
4.46683592,-0.0691972935,-0.069187264,-5.10570984,-5.1057067
4.5708819,-0.0691966643,-0.0691861622,-5.10572208,-5.10571879
4.67735141,-0.0691960056,-0.0691850085,-5.1057349,-5.10573145
4.78630092,-0.0691953158,-0.0691838004,-5.10574832,-5.10574471
4.89778819,-0.0691945935,-0.0691825354,-5.10576238,-5.1057586
5.01187234,-0.0691938371,-0.0691812108,-5.10577709,-5.10577313
5.12861384,-0.0691930451,-0.0691798237,-5.1057925,-5.10578836
5.2480746,-0.0691922158,-0.0691783713,-5.10580864,-5.1058043
5.37031796,-0.0691913474,-0.0691768504,-5.10582554,-5.10582099
5.49540874,-0.069190438,-0.0691752579,-5.10584323,-5.10583847
5.62341325,-0.0691894859,-0.0691735902,-5.10586176,-5.10585677
5.75439937,-0.0691884888,-0.069171844,-5.10588116,-5.10587594
5.88843655,-0.0691874447,-0.0691700155,-5.10590147,-5.105896
6.02559586,-0.0691863515,-0.0691681008,-5.10592274,-5.10591702
6.16595002,-0.0691852067,-0.0691660959,-5.10594501,-5.10593902
6.30957344,-0.0691840079,-0.0691639965,-5.10596834,-5.10596206
6.45654229,-0.0691827527,-0.0691617982,-5.10599276,-5.10598619
6.60693448,-0.0691814383,-0.0691594962,-5.10601833,-5.10601145
6.76082975,-0.069180062,-0.0691570858,-5.10604511,-5.10603791
6.91830971,-0.0691786208,-0.0691545617,-5.10607315,-5.10606561
7.07945784,-0.0691771116,-0.0691519187,-5.10610251,-5.10609461
7.2443596,-0.0691755314,-0.0691491512,-5.10613326,-5.10612498
7.41310241,-0.0691738767,-0.0691462532,-5.10616545,-5.10615679
7.58577575,-0.069172144,-0.0691432186,-5.10619916,-5.10619009
7.76247117,-0.0691703296,-0.069140041,-5.10623446,-5.10622496
7.94328235,-0.0691684297,-0.0691367137,-5.10627142,-5.10626148
8.12830516,-0.0691664403,-0.0691332295,-5.10631012,-5.10629971
8.31763771,-0.0691643571,-0.0691295812,-5.10635065,-5.10633975
8.51138038,-0.0691621758,-0.0691257608,-5.10639309,-5.10638167
8.7096359,-0.0691598916,-0.0691217605,-5.10643752,-5.10642557
8.91250938,-0.0691574998,-0.0691175716,-5.10648405,-5.10647154
9.12010839,-0.0691549953,-0.0691131853,-5.10653278,-5.10651967
9.33254301,-0.0691523727,-0.0691085923,-5.1065838,-5.10657007
9.54992586,-0.0691496265,-0.0691037828,-5.10663722,-5.10662284
9.77237221,-0.0691467509,-0.0690987466,-5.10669316,-5.10667811
10,-0.0691437398,-0.0690934731,-5.10675173,-5.10673597
10.2329299,-0.0691405868,-0.0690879511,-5.10681307,-5.10679656
10.4712855,-0.0691372852,-0.0690821688,-5.10687729,-5.10686001
10.7151931,-0.0691338279,-0.069076114,-5.10694454,-5.10692645
10.964782,-0.0691302078,-0.0690697738,-5.10701496,-5.10699601
11.2201845,-0.069126417,-0.0690631348,-5.10708869,-5.10706885
11.4815362,-0.0691224476,-0.0690561829,-5.1071659,-5.10714513
11.7489755,-0.0691182911,-0.0690489034,-5.10724675,-5.107225
12.0226443,-0.0691139387,-0.0690412809,-5.1073314,-5.10730863
12.3026877,-0.0691093812,-0.069033299,-5.10742005,-5.1073962
12.5892541,-0.0691046088,-0.069024941,-5.10751286,-5.10748789
12.8824955,-0.0690996116,-0.0690161891,-5.10761005,-5.10758391
13.1825674,-0.0690943789,-0.0690070247,-5.10771182,-5.10768444
13.4896288,-0.0690888995,-0.0689974284,-5.10781839,-5.10778972
13.8038426,-0.0690831619,-0.0689873798,-5.10792997,-5.10789995
14.1253754,-0.0690771539,-0.0689768576,-5.10804681,-5.10801537
14.4543977,-0.0690708628,-0.0689658395,-5.10816915,-5.10813623
14.7910839,-0.0690642751,-0.0689543022,-5.10829725,-5.10826279
15.1356125,-0.069057377,-0.0689422211,-5.10843139,-5.1083953
15.4881662,-0.0690501537,-0.0689295706,-5.10857184,-5.10853405
15.8489319,-0.0690425901,-0.0689163239,-5.10871891,-5.10867934
16.218101,-0.06903467,-0.0689024528,-5.1088729,-5.10883147
16.5958691,-0.0690263766,-0.0688879281,-5.10903414,-5.10899076
16.9824365,-0.0690176923,-0.0688727187,-5.10920298,-5.10915756
17.3780083,-0.0690085987,-0.0688567926,-5.10937977,-5.10933221
17.7827941,-0.0689990766,-0.0688401158,-5.10956488,-5.10951508
18.1970086,-0.0689891057,-0.0688226531,-5.10975871,-5.10970656
18.6208714,-0.0689786649,-0.0688043673,-5.10996166,-5.10990706
19.0546072,-0.068967732,-0.0687852197,-5.11017417,-5.110117
19.498446,-0.0689562838,-0.0687651696,-5.11039668,-5.11033682
19.9526231,-0.0689442961,-0.0687441746,-5.11062967,-5.11056699
20.4173794,-0.0689317434,-0.0687221901,-5.11087362,-5.11080799
20.8929613,-0.0689185991,-0.0686991694,-5.11112906,-5.11106034
21.3796209,-0.0689048353,-0.0686750637,-5.11139651,-5.11132456
21.8776162,-0.0688904228,-0.0686498219,-5.11167656,-5.11160122
22.3872114,-0.068875331,-0.0686233904,-5.11196978,-5.1118909
22.9086765,-0.068859528,-0.0685957131,-5.1122768,-5.11219421
23.4422882,-0.0688429802,-0.0685667313,-5.11259827,-5.11251179
23.9883292,-0.0688256524,-0.0685363836,-5.11293487,-5.11284432
24.5470892,-0.068807508,-0.0685046055,-5.11328729,-5.11319249
25.1188643,-0.0687885084,-0.0684713297,-5.1136563,-5.11355703
25.7039578,-0.0687686134,-0.0684364854,-5.11404266,-5.11393873
26.3026799,-0.0687477807,-0.0683999989,-5.1144472,-5.11433838
26.915348,-0.0687259661,-0.0683617927,-5.11487076,-5.11475682
27.542287,-0.0687031234,-0.0683217856,-5.11531424,-5.11519494
28.1838293,-0.0686792041,-0.068279893,-5.11577857,-5.11565366
28.840315,-0.0686541574,-0.0682360257,-5.11626473,-5.11613395
29.5120923,-0.0686279302,-0.0681900908,-5.11677374,-5.11663682
30.1995172,-0.0686004669,-0.0681419909,-5.11730668,-5.11716332
30.9029543,-0.0685717092,-0.0680916238,-5.11786467,-5.11771457
31.6227766,-0.0685415961,-0.0680388826,-5.11844888,-5.11829173
32.3593657,-0.0685100637,-0.0679836555,-5.11906053,-5.118896
33.1131121,-0.0684770451,-0.0679258253,-5.11970092,-5.11952866
33.8844156,-0.0684424703,-0.0678652692,-5.12037139,-5.12019104
34.673685,-0.0684062658,-0.0678018587,-5.12107334,-5.12088453
35.4813389,-0.0683683549,-0.0677354593,-5.12180826,-5.12161058
36.3078055,-0.0683286572,-0.0676659301,-5.12257768,-5.12237072
37.1535229,-0.0682870884,-0.0675931235,-5.12338321,-5.12316654
38.0189396,-0.0682435603,-0.067516885,-5.12422655,-5.12399971
38.9045145,-0.0681979806,-0.0674370528,-5.12510946,-5.12487198
39.8107171,-0.0681502525,-0.0673534575,-5.12603378,-5.12578517
40.7380278,-0.0681002748,-0.0672659216,-5.12700146,-5.12674119
41.6869383,-0.0680479414,-0.0671742594,-5.12801451,-5.12774204
42.6579519,-0.0679931413,-0.0670782762,-5.12907505,-5.12878981
43.6515832,-0.0679357582,-0.0669777684,-5.1301853,-5.12988669
44.6683592,-0.0678756703,-0.0668725226,-5.13134757,-5.13103497
45.708819,-0.0678127501,-0.0667623154,-5.13256428,-5.13223704
46.7735141,-0.0677468641,-0.0666469128,-5.13383796,-5.13349541
47.8630092,-0.0676778725,-0.0665260699,-5.13517128,-5.13481269
48.9778819,-0.0676056289,-0.0663995301,-5.13656699,-5.13619163
50.1187234,-0.0675299799,-0.0662670248,-5.138028,-5.13763508
51.2861384,-0.0674507649,-0.0661282725,-5.13955733,-5.13914605
52.480746,-0.067367816,-0.0659829788,-5.14115817,-5.14072767
53.7031796,-0.0672809569,-0.0658308351,-5.14283382,-5.14238321
54.9540874,-0.0671900035,-0.0656715183,-5.14458775,-5.1441161
56.2341325,-0.0670947625,-0.0655046901,-5.14642358,-5.14592992
57.5439937,-0.0669950319,-0.0653299962,-5.1483451,-5.14782841
58.8843655,-0.0668905999,-0.0651470656,-5.15035626,-5.14981548
60.2559586,-0.0667812449,-0.0649555097,-5.15246122,-5.15189523
61.6595002,-0.0666667347,-0.0647549218,-5.15466428,-5.15407193
63.0957344,-0.0665468263,-0.0645448756,-5.15696998,-5.15635005
64.5654229,-0.0664212651,-0.0643249249,-5.15938302,-5.15873425
66.0693448,-0.0662897844,-0.0640946026,-5.16190836,-5.16122942
67.6082975,-0.0661521052,-0.0638534191,-5.16455114,-5.16384064
69.1830971,-0.0660079352,-0.0636008621,-5.16731675,-5.16657326
70.7945784,-0.0658569681,-0.0633363948,-5.17021081,-5.16943281
72.443596,-0.0656988834,-0.0630594552,-5.17323919,-5.17242512
74.1310241,-0.0655333455,-0.0627694546,-5.17640805,-5.17555625
75.8577575,-0.0653600027,-0.0624657768,-5.17972377,-5.17883252
77.6247117,-0.065178487,-0.062147776,-5.18319304,-5.18226056
79.4328235,-0.0649884128,-0.0618147763,-5.18682285,-5.18584727
81.2830516,-0.0647893763,-0.0614660695,-5.19062048,-5.18959984
83.1763771,-0.0645809548,-0.0611009142,-5.19459354,-5.1935258
85.1138038,-0.0643627056,-0.0607185337,-5.19874994,-5.19763299
87.096359,-0.0641341649,-0.0603181147,-5.20309798,-5.20192959
89.1250938,-0.0638948471,-0.0598988054,-5.20764627,-5.20642414
91.2010839,-0.0636442439,-0.0594597137,-5.21240382,-5.21112554
93.3254301,-0.0633818226,-0.0589999052,-5.21738001,-5.21604307
95.4992586,-0.0631070256,-0.0585184014,-5.22258461,-5.2211864
97.7237221,-0.0628192687,-0.0580141773,-5.22802783,-5.22656561
100,-0.0625179405,-0.0574861595,-5.23372029,-5.23219122
102.329299,-0.0622024003,-0.0569332237,-5.23967303,-5.23807416
104.712855,-0.0618719772,-0.0563541924,-5.24589759,-5.24422585
107.151931,-0.0615259688,-0.0557478322,-5.25240596,-5.25065814
109.64782,-0.0611636392,-0.0551128512,-5.25921063,-5.25738339
112.201845,-0.0607842179,-0.0544478963,-5.26632459,-5.26441446
114.815362,-0.0603868979,-0.0537515503,-5.27376136,-5.27176474
117.489755,-0.059970834,-0.0530223286,-5.28153499,-5.27944813
120.226443,-0.0595351409,-0.0522586763,-5.2896601,-5.28747911
123.026877,-0.0590788917,-0.0514589646,-5.29815188,-5.29587271
125.892541,-0.0586011153,-0.0506214873,-5.30702612,-5.30464456
128.824955,-0.0581007947,-0.0497444571,-5.3162992,-5.3138109
131.825674,-0.057576865,-0.048826002,-5.32598814,-5.32338856
134.896288,-0.0570282105,-0.0478641608,-5.3361106,-5.33339506
138.038426,-0.0564536628,-0.0468568789,-5.3466849,-5.34384852
141.253754,-0.0558519982,-0.0458020042,-5.35773005,-5.35476778
144.543977,-0.0552219348,-0.044697282,-5.36926572,-5.36617234
147.910839,-0.0545621302,-0.0435403502,-5.38131231,-5.37808242
151.356125,-0.0538711781,-0.042328734,-5.39389094,-5.39051894
154.881662,-0.0531476055,-0.041059841,-5.40702347,-5.40350357
158.489319,-0.0523898696,-0.0397309546,-5.42073251,-5.41705873
162.18101,-0.0515963543,-0.038339229,-5.43504143,-5.43120759
165.958691,-0.0507653667,-0.0368816822,-5.44997437,-5.44597409
169.824365,-0.0498951336,-0.0353551898,-5.46555626,-5.46138297
173.780083,-0.0489837974,-0.0337564779,-5.48181284,-5.47745975
177.827941,-0.0480294123,-0.0320821159,-5.49877062,-5.49423075
181.970086,-0.0470299399,-0.0303285091,-5.51645695,-5.51172311
186.208714,-0.0459832447,-0.0284918903,-5.53489996,-5.52996477
190.546072,-0.0448870898,-0.0265683117,-5.55412864,-5.54898448
194.98446,-0.0437391315,-0.024553636,-5.57417274,-5.56881182
199.526231,-0.0425369146,-0.0224435271,-5.59506285,-5.58947718
204.173794,-0.0412778666,-0.0202334404,-5.61683037,-5.61101173
208.929613,-0.0399592927,-0.0179186126,-5.63950748,-5.63344749
213.796209,-0.0385783691,-0.0154940507,-5.66312715,-5.65681723
218.776162,-0.0371321374,-0.0129545211,-5.68772314,-5.68115452
223.872114,-0.0356174976,-0.0102945375,-5.71332994,-5.70649367
229.086765,-0.0340312017,-0.00750834831,-5.73998279,-5.73286975
234.422882,-0.0323698461,-0.00458992354,-5.76771762,-5.76031853
239.883292,-0.0306298643,-0.00153294114,-5.79657104,-5.78887649
245.470892,-0.028807519,0.00166922772,-5.82658033,-5.81858073
251.188643,-0.0268988934,0.00502353389,-5.85778335,-5.849469
257.039578,-0.0248998831,0.00853726644,-5.89021852,-5.88157962
263.026799,-0.0228061861,0.0122180695,-5.92392479,-5.91495142
269.15348,-0.0206132938,0.0160739604,-5.95894158,-5.94962374
275.42287,-0.0183164808,0.0201133482,-5.99530869,-5.98563633
281.838293,-0.0159107937,0.0243450537,-6.0330663,-6.0230293
288.40315,-0.0133910405,0.0287783303,-6.07225484,-6.06184307
295.120923,-0.0107517784,0.0334228862,-6.11291496,-6.10211829
301.995172,-0.00798730183,0.0382889075,-6.15508745,-6.14389576
309.029543,-0.00509162886,0.043387083,-6.19881312,-6.18721635
316.227766,-0.00205848797,0.0487286296,-6.24413276,-6.23212092
323.593657,0.0011186966,0.0543253203,-6.29108705,-6.27865023
331.131121,0.00444682,0.0601895125,-6.33971642,-6.32684487
338.844156,0.00793311273,0.066334179,-6.39006098,-6.37674509
346.73685,0.0115851575,0.07277294,-6.44216043,-6.42839079
354.813389,0.0154109069,0.0795200971,-6.49605393,-6.48182135
363.078055,0.019418702,0.0865906698,-6.55178,-6.53707555
371.535229,0.0236172925,0.0940004332,-6.60937643,-6.59419146
380.189396,0.0280158565,0.101765959,-6.66888011,-6.65320631
389.045145,0.0326240235,0.109904657,-6.73032698,-6.7141564
398.107171,0.0374518966,0.118434823,-6.79375189,-6.77707697
407.380278,0.042510077,0.127375684,-6.85918847,-6.84200209
416.869383,0.0478096901,0.136747452,-6.92666904,-6.90896453
426.579519,0.0533624122,0.146571375,-6.99622449,-6.97799569
436.515832,0.0591804989,0.156869798,-7.06788415,-7.04912545
446.683592,0.0652768159,0.167666223,-7.14167573,-7.12238207
457.08819,0.0716648706,0.178985371,-7.21762517,-7.1977921
467.735141,0.0783588459,0.190853257,-7.29575656,-7.27538027
478.630092,0.0853736361,0.203297259,-7.37609206,-7.35516939
489.778819,0.0927248843,0.216346197,-7.4586518,-7.4371803
501.187234,0.100429023,0.230030422,-7.54345378,-7.52143171
512.861384,0.108503316,0.244381896,-7.63051384,-7.60794021
524.80746,0.116965903,0.259434296,-7.71984557,-7.69672017
537.031796,0.125835849,0.275223113,-7.81146025,-7.78778366
549.540874,0.135133193,0.291785758,-7.90536684,-7.88114042
562.341325,0.144879001,0.309161686,-8.00157187,-7.97679784
575.439937,0.155095426,0.327392514,-8.10007949,-8.07476091
588.843655,0.165805766,0.346522159,-8.20089142,-8.17503219
602.559586,0.177034528,0.36659698,-8.30400693,-8.27761182
616.595002,0.188807498,0.387665938,-8.40942288,-8.38249751
630.957344,0.201151815,0.409780755,-8.51713368,-8.48968458
645.654229,0.214096044,0.432996101,-8.62713137,-8.59916593
660.693448,0.227670264,0.457369782,-8.73940562,-8.71093211
676.082975,0.241906153,0.482962951,-8.8539438,-8.82497136
691.830971,0.256837085,0.509840335,-8.970731,-8.94126964
707.945784,0.272498227,0.538070477,-9.08975011,-9.05981072
724.43596,0.28892665,0.567726002,-9.2109819,-9.18057621
741.310241,0.306161445,0.598883903,-9.33440508,-9.30354568
758.577575,0.324243841,0.631625853,-9.45999639,-9.4286967
776.247117,0.343217347,0.666038544,-9.5877307,-9.55600498
794.328235,0.363127884,0.702214056,-9.71758109,-9.68544441
812.830516,0.384023946,0.740250262,-9.84951897,-9.8169872
831.763771,0.405956759,0.780251264,-9.98351419,-9.95060399
851.138038,0.428980463,0.822327876,-10.1195351,-10.0862639
870.96359,0.453152296,0.866598156,-10.2575488,-10.2239348
891.250938,0.478532809,0.913187977,-10.3975209,-10.3635831
912.010839,0.505186079,0.962231673,-10.5394163,-10.5051744
933.254301,0.533179957,1.01387274,-10.6831985,-10.6486728
954.992586,0.562586323,1.06826459,-10.8288303,-10.7940421
977.237221,0.593481373,1.12557147,-10.9762737,-10.9412448
1000,0.625945924,1.18596932,-11.1254901,-11.090243
1023.29299,0.660065745,1.24964691,-11.2764401,-11.2409981
1047.12855,0.695931925,1.31680699,-11.4290842,-11.3934712
1071.51931,0.733641264,1.38766757,-11.5833822,-11.547623
1096.4782,0.773296712,1.46246343,-11.739294,-11.7034138
1122.01845,0.815007833,1.54144776,-11.8967791,-11.8608039
1148.15362,0.858891332,1.62489398,-12.055797,-12.0197537
1174.89755,0.905071619,1.71309783,-12.2163073,-12.1802233
1202.26443,0.953681435,1.80637976,-12.3782698,-12.3421732
1230.26877,1.00486254,1.90508755,-12.5416442,-12.505564
1258.92541,1.05876649,2.00959936,-12.7063908,-12.6703566
1288.24955,1.11555542,2.12032719,-12.87247,-12.8365124
1318.25674,1.17540308,2.23772082,-13.0398428,-13.003993
1348.96288,1.23849574,2.36227236,-13.2084705,-13.1727605
1380.38426,1.30503345,2.49452141,-13.3783151,-13.3427779
1412.53754,1.37523126,2.63506116,-13.5493389,-13.5140083
1445.43977,1.44932067,2.78454532,-13.721505,-13.6864159
1479.10839,1.52755123,2.94369625,-13.8947773,-13.8599653
1513.56125,1.61019236,3.11331443,-14.0691201,-14.0346219
1548.81662,1.69753536,3.29428959,-14.2444986,-14.210352
1584.89319,1.7898957,3.48761375,-14.4208786,-14.3871226
1621.8101,1.88761563,3.69439665,-14.5982269,-14.5649015
1659.58691,1.99106712,3.91588393,-14.7765109,-14.7436574
1698.24365,2.1006552,4.15347888,-14.9556989,-14.9233599
1737.80083,2.2168218,4.4087681,-15.13576,-15.1039794
1778.27941,2.34005014,4.68355225,-15.3166643,-15.2854873
1819.70086,2.47086978,4.97988251,-15.4983824,-15.467856
1862.08714,2.60986242,5.30010383,-15.680886,-15.6510585
1905.46072,2.75766864,5.64690587,-15.8641477,-15.8350692
1949.8446,2.91499573,6.02338178,-16.0481408,-16.019863
1995.26231,3.08262677,6.43309416,-16.2328395,-16.205416
2041.73794,3.26143132,6.88014434,-16.4182188,-16.3917052
2089.29613,3.4523779,7.36923511,-16.6042548,-16.5787085
2137.96209,3.6565487,7.90570365,-16.7909241,-16.7664048
2187.76162,3.87515694,8.4954737,-16.9782044,-16.9547738
2238.72114,4.10956747,9.14481679,-17.1660739,-17.1437965
2290.86765,4.36132107,9.85968751,-17.354512,-17.3334543
2344.22882,4.63216343,10.6441369,-17.5434987,-17.52373
2398.83292,4.9240793,11.4967825,-17.7330148,-17.7146069
2454.70892,5.23933292,12.4033768,-17.9230418,-17.9060697
2511.88643,5.58051511,13.3224412,-18.1135622,-18.0981035
2570.39578,5.95059726,14.1624382,-18.304559,-18.2906947
2630.26799,6.35299119,14.7626522,-18.4960162,-18.4838304
2691.5348,6.79161073,14.9236406,-18.6879182,-18.6774985
2754.2287,7.2709253,14.5269539,-18.8802504,-18.871688
2818.38293,7.79598315,13.6395822,-19.0729989,-19.0663887
2884.0315,8.3723562,12.4521744,-19.2661502,-19.2615911
2951.20923,9.00590463,11.1444334,-19.4596917,-19.4572867
3019.95172,9.70214829,9.82788567,-19.6536116,-19.6534678
3090.29543,10.4648029,8.55648227,-19.8478984,-19.8501277
3162.27766,11.2925867,7.35080724,-20.0425415,-20.0472604
3235.93657,12.1726103,6.21510723,-20.2375309,-20.2448607
3311.31121,13.0677479,5.1464758,-20.432857,-20.4429242
3388.44156,13.8964831,4.13930527,-20.6285111,-20.6414475
3467.3685,14.5144261,3.1873207,-20.8244849,-20.840428
3548.13389,14.7347563,2.28445427,-21.0207708,-21.0398637
3630.78055,14.4281922,1.42517999,-21.2173616,-21.2397538
3715.35229,13.6299513,0.604603808,-21.4142509,-21.4400978
3801.89396,12.5079381,-0.181552126,-21.6114328,-21.6408966
3890.45145,11.23959,-0.937006509,-21.8089017,-21.8421515
3981.07171,9.94364816,-1.66498764,-22.0066528,-22.0438649
4073.80278,8.68143568,-2.36830096,-22.2046818,-22.2460397
4168.69383,7.47855124,-3.04939023,-22.4029848,-22.4486799
4265.79519,6.34221518,-3.71039081,-22.6015587,-22.6517903
4365.15832,5.27119579,-4.35317518,-22.8004006,-22.8553764
4466.83592,4.26081074,-4.97939139,-22.9995083,-23.0594446
4570.8819,3.30529185,-5.59049538,-23.1988801,-23.2640023
4677.35141,2.39884566,-6.18777814,-23.3985147,-23.4690574
4786.30092,1.5360911,-6.77238856,-23.5984115,-23.6746191
4897.78819,0.712206632,-7.34535261,-23.7985702,-23.880697
5011.87234,-0.0770537104,-7.90758956,-23.9989911,-24.0873019
5128.61384,-0.835399337,-8.4599257,-24.1996752,-24.2944454
5248.0746,-1.56606163,-9.00310603,-24.4006236,-24.5021399
5370.31796,-2.2718556,-9.53780414,-24.6018382,-24.7103987
5495.40874,-2.95523767,-10.0646308,-24.8033214,-24.919236
5623.41325,-3.61835702,-10.5841412,-25.0050761,-25.128667
5754.39937,-4.26310003,-11.0968412,-25.2071056,-25.3387077
5888.43655,-4.89112809,-11.603193,-25.4094138,-25.5493751
6025.59586,-5.50390969,-12.1036196,-25.6120053,-25.7606871
6165.95002,-6.1027474,-12.598509,-25.8148849,-25.9726624
6309.57344,-6.68880072,-13.0882178,-26.0180583,-26.1853208
6456.54229,-7.26310525,-13.5730746,-26.2215315,-26.3986829
6606.93448,-7.826589,-14.0533822,-26.425311,-26.6127704
6760.82975,-8.38008616,-14.5294207,-26.6294043,-26.8276059
6918.30971,-8.92434888,-15.0014491,-26.8338189,-27.0432128
7079.45784,-9.4600572,-15.4697077,-27.0385633,-27.2596156
7244.3596,-9.98782772,-15.9344194,-27.2436465,-27.4768396
7413.10241,-10.5082209,-16.3957913,-27.4490779,-27.6949113
7585.77575,-11.0217474,-16.8540164,-27.6548679,-27.9138579
7762.47117,-11.5288737,-17.3092745,-27.8610272,-28.1337075
7943.28235,-12.0300268,-17.7617331,-28.0675672,-28.3544892
8128.30516,-12.5255982,-18.2115489,-28.2745001,-28.5762331
8317.63771,-13.0159478,-18.6588683,-28.4818387,-28.7989701
8511.38038,-13.5014071,-19.1038284,-28.6895964,-29.0227318
8709.6359,-13.9822818,-19.5465575,-28.8977873,-29.247551
8912.50938,-14.4588542,-19.9871759,-29.1064263,-29.4734609
9120.10839,-14.9313858,-20.4257967,-29.3155289,-29.7004957
9332.54301,-15.4001188,-20.8625259,-29.5251116,-29.9286906
9549.92586,-15.8652781,-21.2974632,-29.7351912,-30.158081
9772.37221,-16.3270727,-21.7307025,-29.9457857,-30.3887033
10000,-16.785697,-22.1623319,-30.1569135,-30.6205945
10232.9299,-17.2413323,-22.5924348,-30.3685941,-30.8537922
10471.2855,-17.6941477,-23.0210893,-30.5808475,-31.0883343
10715.1931,-18.144301,-23.4483695,-30.7936948,-31.3242595
10964.782,-18.5919398,-23.8743452,-31.0071577,-31.5616066
11220.1845,-19.0372022,-24.2990821,-31.2212588,-31.8004149
11481.5362,-19.4802178,-24.7226424,-31.4360215,-32.0407239
11748.9755,-19.9211077,-25.1450851,-31.6514701,-32.2825732
12022.6443,-20.3599858,-25.5664657,-31.8676297,-32.5260026
12302.6877,-20.796959,-25.9868367,-32.0845262,-32.7710518
12589.2541,-21.2321277,-26.406248,-32.3021866,-33.0177605
12882.4955,-21.6655866,-26.8247466,-32.5206384,-33.2661682
13182.5674,-22.0974245,-27.2423773,-32.7399102,-33.516314
13489.6288,-22.5277253,-27.6591824,-32.9600314,-33.7682366
13803.8426,-22.9565678,-28.0752018,-33.1810322,-34.0219744
14125.3754,-23.3840266,-28.4904737,-33.4029436,-34.277565
14454.3977,-23.8101719,-28.9050341,-33.6257976,-34.5350452
14791.0839,-24.23507,-29.3189172,-33.8496268,-34.7944512
15135.6125,-24.6587837,-29.7321556,-34.0744647,-35.0558181
15488.1662,-25.0813721,-30.1447799,-34.3003457,-35.3191798
15848.9319,-25.5028913,-30.5568196,-34.5273046,-35.5845692
16218.101,-25.9233942,-30.9683023,-34.7553772,-35.8520179
16595.8691,-26.3429309,-31.3792546,-34.9846,-36.1215559
16982.4365,-26.7615489,-31.7897015,-35.2150099,-36.3932117
17378.0083,-27.1792932,-32.1996669,-35.4466447,-36.6670124
17782.7941,-27.5962064,-32.6091736,-35.6795426,-36.9429832
18197.0086,-28.0123288,-33.0182429,-35.9137422,-37.2211472
18620.8714,-28.4276987,-33.4268956,-36.1492828,-37.501526
19054.6072,-28.8423524,-33.835151,-36.386204,-37.784139
19498.446,-29.2563244,-34.2430278,-36.6245457,-38.0690035
19952.6231,-29.6696474,-34.6505437,-36.8643479,-38.3561344
20417.3794,-30.0823525,-35.0577154,-37.1056512,-38.6455448
20892.9613,-30.494469,-35.4645591,-37.3484958,-38.9372452
21379.6209,-30.9060249,-35.8710898,-37.5929223,-39.2312438
21877.6162,-31.317047,-36.2773222,-37.8389711,-39.5275465
22387.2114,-31.7275604,-36.68327,-38.0866824,-39.8261568
22908.6765,-32.1375892,-37.0889465,-38.3360961,-40.1270756
23442.2882,-32.5471562,-37.4943642,-38.5872519,-40.4303017
23988.3292,-32.9562832,-37.899535,-38.8401888,-40.7358311
24547.0892,-33.3649907,-38.3044702,-39.0949455,-41.0436576
25118.8643,-33.7732985,-38.7091809,-39.3515597,-41.3537727
25703.9578,-34.1812253,-39.1136772,-39.6100685,-41.6661654
26302.6799,-34.5887887,-39.517969,-39.8705081,-41.9808224
26915.348,-34.9960059,-39.9220658,-40.1329135,-42.2977283
27542.287,-35.4028928,-40.3259764,-40.3973188,-42.6168652
28183.8293,-35.8094648,-40.7297094,-40.6637565,-42.9382135
28840.315,-36.2157366,-41.133273,-40.9322582,-43.2617512
29512.0923,-36.621722,-41.5366749,-41.2028535,-43.5874545
30199.5172,-37.0274343,-41.9399224,-41.4755707,-43.9152978
30902.9543,-37.4328862,-42.3430227,-41.7504364,-44.2452535
31622.7766,-37.8380896,-42.7459825,-42.0274753,-44.5772927
32359.3657,-38.2430559,-43.1488081,-42.3067103,-44.9113845
33113.1121,-38.6477963,-43.5515058,-42.5881622,-45.247497
33884.4156,-39.0523209,-43.9540812,-42.8718498,-45.5855966
34673.685,-39.4566398,-44.3565401,-43.1577898,-45.9256486
35481.3389,-39.8607623,-44.7588877,-43.4459965,-46.2676173
36307.8055,-40.2646976,-45.161129,-43.7364823,-46.6114659
37153.5229,-40.6684541,-45.563269,-44.0292567,-46.9571566
38018.9396,-41.0720401,-45.9653121,-44.3243275,-47.3046511
38904.5145,-41.4754633,-46.3672629,-44.6216995,-47.6539102
39810.7171,-41.8787313,-46.7691254,-44.9213755,-48.0048943
40738.0278,-42.2818511,-47.1709038,-45.2233556,-48.3575632
41686.9383,-42.6848294,-47.5726018,-45.5276376,-48.7118766
42657.9519,-43.0876728,-47.9742231,-45.8342169,-49.0677937
43651.5832,-43.4903874,-48.3757711,-46.1430864,-49.4252737
44668.3592,-43.8929791,-48.7772493,-46.4542366,-49.7842758
45708.819,-44.2954534,-49.1786606,-46.7676559,-50.1447591
46773.5141,-44.6978157,-49.5800083,-47.08333,-50.5066828
47863.0092,-45.1000711,-49.9812951,-47.4012428,-50.8700065
48977.8819,-45.5022244,-50.3825238,-47.7213757,-51.2346899
50118.7234,-45.9042804,-50.783697,-48.0437082,-51.6006929
51286.1384,-46.3062434,-51.1848173,-48.3682177,-51.9679762
52480.746,-46.7081176,-51.5858871,-48.6948797,-52.3365006
53703.1796,-47.1099072,-51.9869086,-49.0236679,-52.7062274
54954.0874,-47.5116158,-52.387884,-49.3545543,-53.0771188
56234.1325,-47.9132473,-52.7888154,-49.6875091,-53.4491372
57543.9937,-48.314805,-53.1897047,-50.0225012,-53.822246
58884.3655,-48.7162924,-53.590554,-50.3594979,-54.1964089
60255.9586,-49.1177126,-53.991365,-50.6984654,-54.5715906
61659.5002,-49.5190687,-54.3921394,-51.0393686,-54.9477563
63095.7344,-49.9203635,-54.7928789,-51.3821713,-55.3248722
64565.4229,-50.3215999,-55.1935851,-51.7268364,-55.7029051
66069.3448,-50.7227805,-55.5942594,-52.0733259,-56.0818226
67608.2975,-51.1239078,-55.9949033,-52.4216013,-56.4615931
69183.0971,-51.5249843,-56.3955182,-52.7716232,-56.8421858
70794.5784,-51.9260122,-56.7961054,-53.1233519,-57.2235709
72443.596,-52.3269937,-57.1966661,-53.4767471,-57.605719
74131.0241,-52.7279309,-57.5972016,-53.8317683,-57.988602
75857.7575,-53.1288259,-57.9977129,-54.1883749,-58.3721922
77624.7117,-53.5296805,-58.3982012,-54.546526,-58.756463
79432.8235,-53.9304965,-58.7986675,-54.9061809,-59.1413884
81283.0516,-54.3312758,-59.1991128,-55.2672987,-59.5269434
83176.3771,-54.7320199,-59.599538,-55.6298388,-59.9131035
85113.8038,-55.1327305,-59.999944,-55.9937609,-60.2998453
87096.359,-55.533409,-60.4003318,-56.3590249,-60.687146
89125.0938,-55.934057,-60.8007021,-56.7255911,-61.0749836
91201.0839,-56.3346757,-61.2010557,-57.09342,-61.4633367
93325.4301,-56.7352666,-61.6013934,-57.4624729,-61.8521848
95499.2586,-57.1358308,-62.0017159,-57.8327115,-62.241508
97723.7221,-57.5363696,-62.4020238,-58.204098,-62.6312873
100000,-57.9368841,-62.8023179,-58.5765953,-63.0215041
102329.299,-58.3373755,-63.2025987,-58.9501669,-63.4121406
104712.855,-58.7378447,-63.6028669,-59.324777,-63.8031797
107151.931,-59.1382927,-64.003123,-59.7003906,-64.1946049
109647.82,-59.5387206,-64.4033676,-60.0769732,-64.5864001
112201.845,-59.9391292,-64.8036012,-60.4544914,-64.9785502
114815.362,-60.3395194,-65.2038242,-60.8329123,-65.3710403
117489.755,-60.739892,-65.6040372,-61.2122039,-65.7638563
120226.443,-61.1402478,-66.0042406,-61.592335,-66.1569845
123026.877,-61.5405876,-66.4044349,-61.9732751,-66.5504118
125892.541,-61.9409121,-66.8046204,-62.3549947,-66.9441257
128824.955,-62.341222,-67.2047975,-62.737465,-67.338114
131825.674,-62.7415179,-67.6049667,-63.1206579,-67.7323651
134896.288,-63.1418005,-68.0051283,-63.5045463,-68.1268679
138038.426,-63.5420704,-68.4052826,-63.889104,-68.5216116
141253.754,-63.9423281,-68.8054299,-64.2743052,-68.9165859
144543.977,-64.3425742,-69.2055706,-64.6601253,-69.311781
147910.839,-64.7428092,-69.605705,-65.0465402,-69.7071873
151356.125,-65.1430337,-70.0058333,-65.4335268,-70.1027959
154881.662,-65.543248,-70.4059558,-65.8210626,-70.498598
158489.319,-65.9434527,-70.8060729,-66.209126,-70.8945853
162181.01,-66.3436481,-71.2061846,-66.5976958,-71.2907496
165958.691,-66.7438348,-71.6062913,-66.986752,-71.6870835
169824.365,-67.1440131,-72.0063933,-67.3762749,-72.0835795
173780.083,-67.5441833,-72.4064906,-67.7662457,-72.4802305
177827.941,-67.9443459,-72.8065835,-68.1566463,-72.8770299
181970.086,-68.3445011,-73.2066723,-68.5474591,-73.2739711
186208.714,-68.7446494,-73.6067571,-68.9386672,-73.6710479
190546.072,-69.144791,-74.006838,-69.3302543,-74.0682545
194984.46,-69.5449262,-74.4069154,-69.7222048,-74.4655852
199526.231,-69.9450553,-74.8069892,-70.1145037,-74.8630344
204173.794,-70.3451786,-75.2070597,-70.5071365,-75.2605971
208929.613,-70.7452964,-75.607127,-70.9000891,-75.6582682
213796.209,-71.1454088,-76.0071913,-71.2933482,-76.0560429
218776.162,-71.5455162,-76.4072527,-71.686901,-76.4539167
223872.114,-71.9456188,-76.8073114,-72.080735,-76.8518853
229086.765,-72.3457167,-77.2073674,-72.4748383,-77.2499444
234422.882,-72.7458102,-77.6074209,-72.8691995,-77.64809
239883.292,-73.1458996,-78.0074719,-73.2638077,-78.0463184
245470.892,-73.5459849,-78.4075207,-73.6586523,-78.4446258
251188.643,-73.9460663,-78.8075673,-74.0537232,-78.8430088
257039.578,-74.3461441,-79.2076118,-74.4490107,-79.241464
263026.799,-74.7462184,-79.6076543,-74.8445055,-79.6399882
269153.48,-75.1462894,-80.0076948,-75.2401988,-80.0385784
275422.87,-75.5463571,-80.4077336,-75.6360819,-80.4372316
281838.293,-75.9464218,-80.8077706,-76.0321466,-80.835945
288403.15,-76.3464836,-81.2078059,-76.4283851,-81.234716
295120.923,-76.7465426,-81.6078397,-76.8247899,-81.633542
301995.172,-77.146599,-82.0078719,-77.2213537,-82.0324205
309029.543,-77.5466528,-82.4079027,-77.6180696,-82.4313492
316227.766,-77.9467042,-82.807932,-78.0149311,-82.8303259
323593.657,-78.3467533,-83.2079601,-78.4119316,-83.2293484
331131.121,-78.7468001,-83.6079869,-78.8090652,-83.6284147
338844.156,-79.1468449,-84.0080125,-79.2063261,-84.0275228
346736.85,-79.5468877,-84.408037,-79.6037086,-84.4266709
354813.389,-79.9469285,-84.8080603,-80.0012075,-84.8258572
363078.055,-80.3469675,-85.2080826,-80.3988176,-85.22508
371535.229,-80.7470047,-85.6081039,-80.796534,-85.6243376
380189.396,-81.1470403,-86.0081242,-81.1943521,-86.0236286
389045.145,-81.5470742,-86.4081436,-81.5922673,-86.4229513
398107.171,-81.9471066,-86.8081622,-81.9902755,-86.8223044
407380.278,-82.3471376,-87.2081799,-82.3883724,-87.2216865
416869.383,-82.7471672,-87.6081968,-82.7865542,-87.6210964
426579.519,-83.1471954,-88.0082129,-83.1848172,-88.0205327
436515.832,-83.5472224,-88.4082284,-83.5831577,-88.4199944
446683.592,-83.9472481,-88.8082431,-83.9815722,-88.8194802
457088.19,-84.3472727,-89.2082572,-84.3800576,-89.2189891
467735.141,-84.7472962,-89.6082706,-84.7786107,-89.6185201
478630.092,-85.1473187,-90.0082834,-85.1772284,-90.0180721
489778.819,-85.5473401,-90.4082957,-85.575908,-90.4176442
501187.234,-85.9473605,-90.8083074,-85.9746465,-90.8172356
512861.384,-86.3473801,-91.2083185,-86.3734416,-91.2168453
524807.46,-86.7473987,-91.6083292,-86.7722905,-91.6164725
537031.796,-87.1474166,-92.0083394,-87.171191,-92.0161165
549540.874,-87.5474336,-92.4083491,-87.5701407,-92.4157765
562341.325,-87.9474498,-92.8083584,-87.9691374,-92.8154518
575439.937,-88.3474653,-93.2083673,-88.3681791,-93.2151416
588843.655,-88.7474802,-93.6083758,-88.7672637,-93.6148454
602559.586,-89.1474943,-94.0083839,-89.1663893,-94.0145625
616595.002,-89.5475078,-94.4083916,-89.5655541,-94.4142924
630957.344,-89.9475208,-94.808399,-89.9647564,-94.8140343
645654.229,-90.3475331,-95.208406,-90.3639944,-95.2137879
660693.448,-90.7475449,-95.6084128,-90.7632666,-95.6135525
676082.975,-91.1475561,-96.0084192,-91.1625714,-96.0133278
691830.971,-91.5475668,-96.4084253,-91.5619074,-96.4131131
707945.784,-91.9475771,-96.8084312,-91.9612732,-96.8129081
724435.96,-92.3475869,-97.2084368,-92.3606675,-97.2127123
741310.241,-92.7475962,-97.6084422,-92.7600889,-97.6125253
758577.575,-93.1476052,-98.0084473,-93.1595363,-98.0123467
776247.117,-93.5476137,-98.4084521,-93.5590086,-98.4121761
794328.235,-93.9476218,-98.8084568,-93.9585045,-98.8120132
812830.516,-94.3476296,-99.2084612,-94.358023,-99.2118577
831763.771,-94.747637,-99.6084655,-94.7575632,-99.6117091
851138.038,-95.1476441,-100.00847,-95.157124,-100.011567
870963.59,-95.5476509,-100.408473,-95.5567045,-100.411432
891250.938,-95.9476574,-100.808477,-95.9563039,-100.811302
912010.839,-96.3476636,-101.208481,-96.3559213,-101.211179
933254.301,-96.7476695,-101.608484,-96.7555559,-101.611061
954992.586,-97.1476751,-102.008487,-97.1552068,-102.010948
977237.221,-97.5476805,-102.40849,-97.5548735,-102.41084
1000000,-97.9476856,-102.808493,-97.9545552,-102.810738
